symbol,name,timestamp,open,high,low,close,volume
TATASTEEL,Tata Steel Ltd,2026-08-03 09:30:00,146.48,146.53,146.38,146.48,359785
TATASTEEL,Tata Steel Ltd,2026-08-03 10:00:00,147.66,147.69,147.2,147.66,314588
TATASTEEL,Tata Steel Ltd,2026-08-03 10:30:00,147.5,147.55,147.42,147.5,18912
TATASTEEL,Tata Steel Ltd,2026-08-03 11:00:00,148.36,148.91,148.14,148.36,372696
TATASTEEL,Tata Steel Ltd,2026-08-03 11:30:00,147.86,147.93,147.29,147.86,8407
TATASTEEL,Tata Steel Ltd,2026-08-03 12:00:00,147.14,147.15,146.93,147.14,226571
TATASTEEL,Tata Steel Ltd,2026-08-03 12:30:00,146.91,147.09,146.59,146.91,53625
TATASTEEL,Tata Steel Ltd,2026-08-03 13:00:00,146.74,146.99,146.5,146.74,185331
TATASTEEL,Tata Steel Ltd,2026-08-03 13:30:00,145.68,146.08,145.62,145.68,488548
TATASTEEL,Tata Steel Ltd,2026-08-03 14:00:00,144.78,145.11,144.46,144.78,439846
TATASTEEL,Tata Steel Ltd,2026-08-03 14:30:00,143.74,144.28,143.59,143.74,41466
TATASTEEL,Tata Steel Ltd,2026-08-03 15:00:00,144.1,144.35,144.03,144.1,156722
TATASTEEL,Tata Steel Ltd,2026-08-03 15:30:00,145.51,145.58,145.27,145.51,242717
TATASTEEL,Tata Steel Ltd,2026-08-04 09:30:00,145.37,145.61,145.11,145.37,114842
TATASTEEL,Tata Steel Ltd,2026-08-04 10:00:00,144.83,145.32,144.77,144.83,337911
TATASTEEL,Tata Steel Ltd,2026-08-04 10:30:00,144.58,144.85,144.06,144.58,90669
TATASTEEL,Tata Steel Ltd,2026-08-04 11:00:00,144.02,144.09,143.53,144.02,120141
TATASTEEL,Tata Steel Ltd,2026-08-04 11:30:00,143.52,143.8,142.89,143.52,411847
TATASTEEL,Tata Steel Ltd,2026-08-04 12:00:00,144.77,145.0,144.65,144.77,39701
TATASTEEL,Tata Steel Ltd,2026-08-04 12:30:00,144.08,144.29,143.25,144.08,464469
TATASTEEL,Tata Steel Ltd,2026-08-04 13:00:00,143.98,144.23,143.24,143.98,342039
TATASTEEL,Tata Steel Ltd,2026-08-04 13:30:00,143.99,144.26,143.92,143.99,134303
TATASTEEL,Tata Steel Ltd,2026-08-04 14:00:00,143.96,144.41,143.96,143.96,310939
TATASTEEL,Tata Steel Ltd,2026-08-04 14:30:00,143.2,143.4,143.05,143.2,77525
TATASTEEL,Tata Steel Ltd,2026-08-04 15:00:00,142.89,142.9,142.72,142.89,333962
TATASTEEL,Tata Steel Ltd,2026-08-04 15:30:00,142.99,143.28,142.53,142.99,317690
TATASTEEL,Tata Steel Ltd,2026-08-05 09:30:00,140.0,140.79,139.09,140.0,456296
TATASTEEL,Tata Steel Ltd,2026-08-05 10:00:00,139.66,140.16,139.48,139.66,65058
TATASTEEL,Tata Steel Ltd,2026-08-05 10:30:00,139.3,139.7,139.25,139.3,63485
TATASTEEL,Tata Steel Ltd,2026-08-05 11:00:00,140.3,140.35,140.1,140.3,6701
TATASTEEL,Tata Steel Ltd,2026-08-05 11:30:00,141.67,141.88,141.63,141.67,98665
TATASTEEL,Tata Steel Ltd,2026-08-05 12:00:00,142.5,142.67,142.49,142.5,332837
TATASTEEL,Tata Steel Ltd,2026-08-05 12:30:00,142.2,142.68,142.04,142.2,404775
TATASTEEL,Tata Steel Ltd,2026-08-05 13:00:00,141.94,142.4,141.19,141.94,488621
TATASTEEL,Tata Steel Ltd,2026-08-05 13:30:00,141.91,141.92,141.88,141.91,492115
TATASTEEL,Tata Steel Ltd,2026-08-05 14:00:00,142.04,142.71,141.26,142.04,427982
TATASTEEL,Tata Steel Ltd,2026-08-05 14:30:00,141.95,142.07,141.33,141.95,49907
TATASTEEL,Tata Steel Ltd,2026-08-05 15:00:00,140.76,140.83,140.12,140.76,403774
TATASTEEL,Tata Steel Ltd,2026-08-05 15:30:00,140.4,140.44,139.94,140.4,91574
TATASTEEL,Tata Steel Ltd,2026-08-06 09:30:00,138.31,138.57,138.05,138.31,116043
TATASTEEL,Tata Steel Ltd,2026-08-06 10:00:00,139.36,139.61,139.16,139.36,214186
TATASTEEL,Tata Steel Ltd,2026-08-06 10:30:00,138.34,138.84,138.32,138.34,234690
TATASTEEL,Tata Steel Ltd,2026-08-06 11:00:00,138.95,139.17,138.95,138.95,16028
TATASTEEL,Tata Steel Ltd,2026-08-06 11:30:00,139.2,139.42,139.07,139.2,120457
TATASTEEL,Tata Steel Ltd,2026-08-06 12:00:00,140.29,140.32,140.17,140.29,21469
TATASTEEL,Tata Steel Ltd,2026-08-06 12:30:00,140.39,140.47,140.28,140.39,129782
TATASTEEL,Tata Steel Ltd,2026-08-06 13:00:00,140.24,140.64,139.7,140.24,467622
TATASTEEL,Tata Steel Ltd,2026-08-06 13:30:00,139.97,140.33,139.8,139.97,416366
TATASTEEL,Tata Steel Ltd,2026-08-06 14:00:00,139.26,139.32,138.84,139.26,190753
TATASTEEL,Tata Steel Ltd,2026-08-06 14:30:00,139.83,140.18,139.65,139.83,387245
TATASTEEL,Tata Steel Ltd,2026-08-06 15:00:00,140.79,140.97,140.72,140.79,386793
TATASTEEL,Tata Steel Ltd,2026-08-06 15:30:00,140.6,140.97,140.0,140.6,135367
TATASTEEL,Tata Steel Ltd,2026-08-07 09:30:00,139.36,139.4,139.2,139.36,463482
TATASTEEL,Tata Steel Ltd,2026-08-07 10:00:00,140.06,140.4,139.89,140.06,456594
TATASTEEL,Tata Steel Ltd,2026-08-07 10:30:00,140.26,140.39,140.01,140.26,12737
TATASTEEL,Tata Steel Ltd,2026-08-07 11:00:00,139.55,140.33,139.39,139.55,449960
TATASTEEL,Tata Steel Ltd,2026-08-07 11:30:00,139.61,139.96,138.91,139.61,478139
TATASTEEL,Tata Steel Ltd,2026-08-07 12:00:00,139.77,140.09,139.65,139.77,209693
TATASTEEL,Tata Steel Ltd,2026-08-07 12:30:00,139.65,140.26,139.3,139.65,387995
TATASTEEL,Tata Steel Ltd,2026-08-07 13:00:00,139.86,140.3,139.85,139.86,381652
TATASTEEL,Tata Steel Ltd,2026-08-07 13:30:00,139.41,139.43,139.38,139.41,390738
TATASTEEL,Tata Steel Ltd,2026-08-07 14:00:00,139.64,140.2,139.49,139.64,34971
TATASTEEL,Tata Steel Ltd,2026-08-07 14:30:00,140.4,140.52,140.02,140.4,34821
TATASTEEL,Tata Steel Ltd,2026-08-07 15:00:00,139.98,140.12,139.94,139.98,102425
TATASTEEL,Tata Steel Ltd,2026-08-07 15:30:00,140.22,140.27,139.99,140.22,498667
TATASTEEL,Tata Steel Ltd,2026-08-10 09:30:00,140.76,140.78,140.29,140.76,329734
TATASTEEL,Tata Steel Ltd,2026-08-10 10:00:00,141.66,141.92,141.38,141.66,141716
TATASTEEL,Tata Steel Ltd,2026-08-10 10:30:00,141.41,141.57,140.88,141.41,130140
TATASTEEL,Tata Steel Ltd,2026-08-10 11:00:00,141.38,141.56,141.14,141.38,492073
TATASTEEL,Tata Steel Ltd,2026-08-10 11:30:00,140.76,140.76,140.62,140.76,245273
TATASTEEL,Tata Steel Ltd,2026-08-10 12:00:00,140.1,140.41,139.75,140.1,270229
TATASTEEL,Tata Steel Ltd,2026-08-10 12:30:00,140.61,140.69,139.8,140.61,466826
TATASTEEL,Tata Steel Ltd,2026-08-10 13:00:00,141.09,141.2,141.01,141.09,289802
TATASTEEL,Tata Steel Ltd,2026-08-10 13:30:00,141.83,141.97,141.36,141.83,428152
TATASTEEL,Tata Steel Ltd,2026-08-10 14:00:00,141.78,141.82,141.66,141.78,352806
TATASTEEL,Tata Steel Ltd,2026-08-10 14:30:00,141.24,141.81,140.8,141.24,143656
TATASTEEL,Tata Steel Ltd,2026-08-10 15:00:00,141.49,141.6,141.22,141.49,322105
TATASTEEL,Tata Steel Ltd,2026-08-10 15:30:00,141.3,141.38,140.99,141.3,365446
TATASTEEL,Tata Steel Ltd,2026-08-11 09:30:00,141.61,142.02,141.04,141.61,53390
TATASTEEL,Tata Steel Ltd,2026-08-11 10:00:00,140.84,141.28,140.35,140.84,28114
TATASTEEL,Tata Steel Ltd,2026-08-11 10:30:00,142.05,142.06,141.87,142.05,393618
TATASTEEL,Tata Steel Ltd,2026-08-11 11:00:00,141.63,142.15,141.43,141.63,299076
TATASTEEL,Tata Steel Ltd,2026-08-11 11:30:00,141.91,141.92,141.34,141.91,291046
TATASTEEL,Tata Steel Ltd,2026-08-11 12:00:00,140.88,141.21,140.81,140.88,294682
TATASTEEL,Tata Steel Ltd,2026-08-11 12:30:00,141.1,141.25,140.83,141.1,422397
TATASTEEL,Tata Steel Ltd,2026-08-11 13:00:00,142.51,142.61,142.49,142.51,192595
TATASTEEL,Tata Steel Ltd,2026-08-11 13:30:00,142.65,142.91,142.15,142.65,468541
TATASTEEL,Tata Steel Ltd,2026-08-11 14:00:00,143.39,144.08,142.71,143.39,397942
TATASTEEL,Tata Steel Ltd,2026-08-11 14:30:00,144.33,145.01,143.68,144.33,430077
TATASTEEL,Tata Steel Ltd,2026-08-11 15:00:00,142.84,143.01,142.51,142.84,99036
TATASTEEL,Tata Steel Ltd,2026-08-11 15:30:00,142.79,143.11,142.21,142.79,458018
TATASTEEL,Tata Steel Ltd,2026-08-12 09:30:00,142.92,142.92,142.71,142.92,372671
TATASTEEL,Tata Steel Ltd,2026-08-12 10:00:00,144.04,144.5,143.88,144.04,433126
TATASTEEL,Tata Steel Ltd,2026-08-12 10:30:00,143.65,143.94,143.48,143.65,435197
TATASTEEL,Tata Steel Ltd,2026-08-12 11:00:00,143.79,144.04,143.56,143.79,177103
TATASTEEL,Tata Steel Ltd,2026-08-12 11:30:00,143.86,143.89,143.73,143.86,410445
TATASTEEL,Tata Steel Ltd,2026-08-12 12:00:00,143.67,144.18,142.86,143.67,286131
TATASTEEL,Tata Steel Ltd,2026-08-12 12:30:00,144.87,144.91,144.79,144.87,464820
TATASTEEL,Tata Steel Ltd,2026-08-12 13:00:00,145.31,145.36,145.04,145.31,61834
TATASTEEL,Tata Steel Ltd,2026-08-12 13:30:00,145.18,145.46,144.99,145.18,417314
TATASTEEL,Tata Steel Ltd,2026-08-12 14:00:00,144.79,145.25,144.44,144.79,307298
TATASTEEL,Tata Steel Ltd,2026-08-12 14:30:00,144.74,144.78,144.64,144.74,233619
TATASTEEL,Tata Steel Ltd,2026-08-12 15:00:00,146.39,146.4,145.83,146.39,393995
TATASTEEL,Tata Steel Ltd,2026-08-12 15:30:00,146.11,146.13,145.87,146.11,231124
TATASTEEL,Tata Steel Ltd,2026-08-13 09:30:00,144.52,144.8,144.25,144.52,382358
TATASTEEL,Tata Steel Ltd,2026-08-13 10:00:00,145.82,146.17,145.56,145.82,354643
TATASTEEL,Tata Steel Ltd,2026-08-13 10:30:00,145.2,145.4,145.14,145.2,225434
TATASTEEL,Tata Steel Ltd,2026-08-13 11:00:00,145.56,145.74,145.25,145.56,397237
TATASTEEL,Tata Steel Ltd,2026-08-13 11:30:00,146.38,146.67,146.24,146.38,5212
TATASTEEL,Tata Steel Ltd,2026-08-13 12:00:00,147.26,147.34,147.02,147.26,416963
TATASTEEL,Tata Steel Ltd,2026-08-13 12:30:00,146.32,146.57,145.93,146.32,117041
TATASTEEL,Tata Steel Ltd,2026-08-13 13:00:00,146.49,147.14,146.44,146.49,422346
TATASTEEL,Tata Steel Ltd,2026-08-13 13:30:00,146.4,146.93,146.28,146.4,329671
TATASTEEL,Tata Steel Ltd,2026-08-13 14:00:00,147.45,147.8,146.87,147.45,398812
TATASTEEL,Tata Steel Ltd,2026-08-13 14:30:00,147.51,147.83,147.44,147.51,29229
TATASTEEL,Tata Steel Ltd,2026-08-13 15:00:00,147.12,147.14,146.7,147.12,450507
TATASTEEL,Tata Steel Ltd,2026-08-13 15:30:00,147.22,147.62,146.85,147.22,381620
TATASTEEL,Tata Steel Ltd,2026-08-14 09:30:00,147.16,147.43,147.15,147.16,348963
TATASTEEL,Tata Steel Ltd,2026-08-14 10:00:00,146.57,147.28,146.08,146.57,413116
TATASTEEL,Tata Steel Ltd,2026-08-14 10:30:00,145.39,145.59,145.29,145.39,369858
TATASTEEL,Tata Steel Ltd,2026-08-14 11:00:00,145.16,145.17,145.16,145.16,244317
TATASTEEL,Tata Steel Ltd,2026-08-14 11:30:00,146.57,146.84,146.27,146.57,283466
TATASTEEL,Tata Steel Ltd,2026-08-14 12:00:00,147.55,147.59,146.81,147.55,326206
TATASTEEL,Tata Steel Ltd,2026-08-14 12:30:00,147.07,147.38,146.36,147.07,228735
TATASTEEL,Tata Steel Ltd,2026-08-14 13:00:00,147.52,147.93,147.04,147.52,253866
TATASTEEL,Tata Steel Ltd,2026-08-14 13:30:00,146.79,147.37,146.6,146.79,445330
TATASTEEL,Tata Steel Ltd,2026-08-14 14:00:00,145.98,146.45,145.47,145.98,148968
TATASTEEL,Tata Steel Ltd,2026-08-14 14:30:00,145.84,146.38,145.63,145.84,127942
TATASTEEL,Tata Steel Ltd,2026-08-14 15:00:00,145.76,146.07,145.56,145.76,126247
TATASTEEL,Tata Steel Ltd,2026-08-14 15:30:00,145.66,145.81,145.52,145.66,117172
TATASTEEL,Tata Steel Ltd,2026-08-17 09:30:00,143.63,143.88,143.42,143.63,225276
TATASTEEL,Tata Steel Ltd,2026-08-17 10:00:00,143.88,144.35,143.48,143.88,369654
TATASTEEL,Tata Steel Ltd,2026-08-17 10:30:00,145.35,145.44,144.98,145.35,499268
TATASTEEL,Tata Steel Ltd,2026-08-17 11:00:00,144.97,145.33,144.48,144.97,452452
TATASTEEL,Tata Steel Ltd,2026-08-17 11:30:00,146.04,146.48,145.46,146.04,424361
TATASTEEL,Tata Steel Ltd,2026-08-17 12:00:00,145.76,145.96,145.6,145.76,120040
TATASTEEL,Tata Steel Ltd,2026-08-17 12:30:00,145.64,146.05,145.22,145.64,423456
TATASTEEL,Tata Steel Ltd,2026-08-17 13:00:00,146.33,146.52,146.21,146.33,250047
TATASTEEL,Tata Steel Ltd,2026-08-17 13:30:00,148.13,148.64,147.34,148.13,315322
TATASTEEL,Tata Steel Ltd,2026-08-17 14:00:00,147.79,147.87,147.76,147.79,341985
TATASTEEL,Tata Steel Ltd,2026-08-17 14:30:00,146.45,146.77,146.33,146.45,176627
TATASTEEL,Tata Steel Ltd,2026-08-17 15:00:00,146.97,147.05,146.65,146.97,404103
TATASTEEL,Tata Steel Ltd,2026-08-17 15:30:00,147.4,147.61,147.03,147.4,442733
TATASTEEL,Tata Steel Ltd,2026-08-18 09:30:00,145.94,146.39,145.88,145.94,188480
TATASTEEL,Tata Steel Ltd,2026-08-18 10:00:00,145.98,146.12,145.88,145.98,21268
TATASTEEL,Tata Steel Ltd,2026-08-18 10:30:00,145.93,146.16,145.85,145.93,15684
TATASTEEL,Tata Steel Ltd,2026-08-18 11:00:00,145.54,145.72,145.36,145.54,119276
TATASTEEL,Tata Steel Ltd,2026-08-18 11:30:00,145.6,145.87,145.54,145.6,198407
TATASTEEL,Tata Steel Ltd,2026-08-18 12:00:00,146.09,146.52,146.09,146.09,434549
TATASTEEL,Tata Steel Ltd,2026-08-18 12:30:00,145.73,145.89,145.46,145.73,308397
TATASTEEL,Tata Steel Ltd,2026-08-18 13:00:00,146.35,146.4,145.94,146.35,212961
TATASTEEL,Tata Steel Ltd,2026-08-18 13:30:00,144.7,144.92,144.61,144.7,315429
TATASTEEL,Tata Steel Ltd,2026-08-18 14:00:00,144.32,144.8,143.83,144.32,450798
TATASTEEL,Tata Steel Ltd,2026-08-18 14:30:00,145.07,145.33,144.47,145.07,422452
TATASTEEL,Tata Steel Ltd,2026-08-18 15:00:00,146.33,146.39,146.11,146.33,199285
TATASTEEL,Tata Steel Ltd,2026-08-18 15:30:00,146.96,147.44,146.74,146.96,11633
INFY,Infosys Ltd,2026-08-03 09:30:00,1632.68,1634.06,1628.18,1632.68,439481
INFY,Infosys Ltd,2026-08-03 10:00:00,1630.42,1632.24,1629.95,1630.42,97346
INFY,Infosys Ltd,2026-08-03 10:30:00,1628.7,1637.1,1627.95,1628.7,287157
INFY,Infosys Ltd,2026-08-03 11:00:00,1640.44,1641.01,1636.82,1640.44,437922
INFY,Infosys Ltd,2026-08-03 11:30:00,1639.82,1642.4,1636.14,1639.82,50436
INFY,Infosys Ltd,2026-08-03 12:00:00,1629.9,1630.55,1626.39,1629.9,398465
INFY,Infosys Ltd,2026-08-03 12:30:00,1621.17,1622.15,1620.6,1621.17,451144
INFY,Infosys Ltd,2026-08-03 13:00:00,1622.25,1623.95,1618.91,1622.25,191030
INFY,Infosys Ltd,2026-08-03 13:30:00,1624.0,1626.83,1620.31,1624.0,149844
INFY,Infosys Ltd,2026-08-03 14:00:00,1617.1,1620.77,1615.76,1617.1,105168
INFY,Infosys Ltd,2026-08-03 14:30:00,1625.97,1628.63,1620.5,1625.97,367078
INFY,Infosys Ltd,2026-08-03 15:00:00,1626.75,1631.83,1625.99,1626.75,239972
INFY,Infosys Ltd,2026-08-03 15:30:00,1627.52,1628.91,1626.63,1627.52,165540
INFY,Infosys Ltd,2026-08-04 09:30:00,1642.72,1645.56,1639.66,1642.72,185227
INFY,Infosys Ltd,2026-08-04 10:00:00,1633.01,1635.45,1630.54,1633.01,147038
INFY,Infosys Ltd,2026-08-04 10:30:00,1641.9,1642.73,1639.68,1641.9,383160
INFY,Infosys Ltd,2026-08-04 11:00:00,1643.07,1644.63,1637.65,1643.07,102071
INFY,Infosys Ltd,2026-08-04 11:30:00,1640.59,1642.52,1635.57,1640.59,149965
INFY,Infosys Ltd,2026-08-04 12:00:00,1637.73,1646.59,1635.09,1637.73,57704
INFY,Infosys Ltd,2026-08-04 12:30:00,1636.9,1638.26,1634.52,1636.9,194205
INFY,Infosys Ltd,2026-08-04 13:00:00,1637.38,1637.88,1634.81,1637.38,33587
INFY,Infosys Ltd,2026-08-04 13:30:00,1636.26,1641.04,1634.59,1636.26,71206
INFY,Infosys Ltd,2026-08-04 14:00:00,1629.17,1633.32,1628.76,1629.17,154075
INFY,Infosys Ltd,2026-08-04 14:30:00,1629.79,1633.24,1629.12,1629.79,101659
INFY,Infosys Ltd,2026-08-04 15:00:00,1634.64,1635.18,1633.61,1634.64,39258
INFY,Infosys Ltd,2026-08-04 15:30:00,1632.19,1633.23,1631.44,1632.19,335010
INFY,Infosys Ltd,2026-08-05 09:30:00,1645.2,1650.1,1643.88,1645.2,135123
INFY,Infosys Ltd,2026-08-05 10:00:00,1644.33,1648.44,1640.54,1644.33,322885
INFY,Infosys Ltd,2026-08-05 10:30:00,1636.81,1639.39,1636.3,1636.81,481317
INFY,Infosys Ltd,2026-08-05 11:00:00,1630.49,1636.54,1628.21,1630.49,229830
INFY,Infosys Ltd,2026-08-05 11:30:00,1627.39,1631.65,1623.27,1627.39,404893
INFY,Infosys Ltd,2026-08-05 12:00:00,1620.6,1621.19,1618.45,1620.6,351254
INFY,Infosys Ltd,2026-08-05 12:30:00,1624.79,1625.97,1622.99,1624.79,219180
INFY,Infosys Ltd,2026-08-05 13:00:00,1623.57,1627.72,1622.24,1623.57,157703
INFY,Infosys Ltd,2026-08-05 13:30:00,1628.81,1629.36,1627.5,1628.81,42318
INFY,Infosys Ltd,2026-08-05 14:00:00,1641.45,1644.31,1634.57,1641.45,418048
INFY,Infosys Ltd,2026-08-05 14:30:00,1643.7,1647.94,1642.97,1643.7,65175
INFY,Infosys Ltd,2026-08-05 15:00:00,1639.58,1644.13,1638.27,1639.58,481269
INFY,Infosys Ltd,2026-08-05 15:30:00,1639.23,1641.03,1633.81,1639.23,316974
INFY,Infosys Ltd,2026-08-06 09:30:00,1651.67,1654.14,1650.52,1651.67,70197
INFY,Infosys Ltd,2026-08-06 10:00:00,1646.15,1646.7,1644.0,1646.15,288105
INFY,Infosys Ltd,2026-08-06 10:30:00,1649.17,1650.52,1649.11,1649.17,25898
INFY,Infosys Ltd,2026-08-06 11:00:00,1657.42,1660.88,1656.82,1657.42,125022
INFY,Infosys Ltd,2026-08-06 11:30:00,1656.5,1662.62,1655.01,1656.5,306569
INFY,Infosys Ltd,2026-08-06 12:00:00,1655.34,1655.69,1654.77,1655.34,307119
INFY,Infosys Ltd,2026-08-06 12:30:00,1643.1,1648.45,1641.72,1643.1,251677
INFY,Infosys Ltd,2026-08-06 13:00:00,1636.05,1636.47,1634.09,1636.05,233529
INFY,Infosys Ltd,2026-08-06 13:30:00,1657.98,1660.53,1655.09,1657.98,52837
INFY,Infosys Ltd,2026-08-06 14:00:00,1651.3,1651.94,1650.63,1651.3,89318
INFY,Infosys Ltd,2026-08-06 14:30:00,1654.1,1656.55,1649.64,1654.1,156109
INFY,Infosys Ltd,2026-08-06 15:00:00,1650.61,1653.46,1650.55,1650.61,51168
INFY,Infosys Ltd,2026-08-06 15:30:00,1648.81,1649.96,1646.13,1648.81,410037
INFY,Infosys Ltd,2026-08-07 09:30:00,1626.13,1627.02,1623.9,1626.13,221660
INFY,Infosys Ltd,2026-08-07 10:00:00,1619.33,1623.02,1618.02,1619.33,331439
INFY,Infosys Ltd,2026-08-07 10:30:00,1619.69,1624.23,1619.56,1619.69,292949
INFY,Infosys Ltd,2026-08-07 11:00:00,1615.33,1617.14,1613.38,1615.33,466817
INFY,Infosys Ltd,2026-08-07 11:30:00,1614.28,1615.84,1609.92,1614.28,130460
INFY,Infosys Ltd,2026-08-07 12:00:00,1612.79,1613.49,1610.1,1612.79,12169
INFY,Infosys Ltd,2026-08-07 12:30:00,1610.09,1610.55,1602.99,1610.09,246931
INFY,Infosys Ltd,2026-08-07 13:00:00,1609.4,1613.8,1607.88,1609.4,85725
INFY,Infosys Ltd,2026-08-07 13:30:00,1599.18,1599.23,1596.63,1599.18,442635
INFY,Infosys Ltd,2026-08-07 14:00:00,1598.89,1602.49,1598.5,1598.89,244487
INFY,Infosys Ltd,2026-08-07 14:30:00,1592.93,1593.92,1589.58,1592.93,466020
INFY,Infosys Ltd,2026-08-07 15:00:00,1589.35,1590.14,1588.43,1589.35,410104
INFY,Infosys Ltd,2026-08-07 15:30:00,1590.98,1594.18,1587.51,1590.98,435204
INFY,Infosys Ltd,2026-08-10 09:30:00,1572.14,1573.04,1566.22,1572.14,309046
INFY,Infosys Ltd,2026-08-10 10:00:00,1579.44,1579.46,1577.1,1579.44,185944
INFY,Infosys Ltd,2026-08-10 10:30:00,1585.75,1588.42,1581.08,1585.75,202766
INFY,Infosys Ltd,2026-08-10 11:00:00,1580.38,1581.15,1578.55,1580.38,304786
INFY,Infosys Ltd,2026-08-10 11:30:00,1589.44,1594.08,1585.24,1589.44,220364
INFY,Infosys Ltd,2026-08-10 12:00:00,1599.55,1600.99,1597.93,1599.55,207416
INFY,Infosys Ltd,2026-08-10 12:30:00,1588.33,1593.95,1587.92,1588.33,346845
INFY,Infosys Ltd,2026-08-10 13:00:00,1595.7,1596.15,1592.04,1595.7,314424
INFY,Infosys Ltd,2026-08-10 13:30:00,1597.44,1598.17,1596.16,1597.44,448044
INFY,Infosys Ltd,2026-08-10 14:00:00,1590.18,1591.6,1585.27,1590.18,219946
INFY,Infosys Ltd,2026-08-10 14:30:00,1592.9,1598.71,1586.78,1592.9,44231
INFY,Infosys Ltd,2026-08-10 15:00:00,1576.4,1577.98,1573.84,1576.4,345701
INFY,Infosys Ltd,2026-08-10 15:30:00,1584.62,1587.1,1583.25,1584.62,358557
INFY,Infosys Ltd,2026-08-11 09:30:00,1591.95,1593.85,1590.9,1591.95,462379
INFY,Infosys Ltd,2026-08-11 10:00:00,1581.41,1585.65,1580.29,1581.41,128087
INFY,Infosys Ltd,2026-08-11 10:30:00,1571.73,1576.93,1566.52,1571.73,232526
INFY,Infosys Ltd,2026-08-11 11:00:00,1571.56,1576.82,1570.84,1571.56,374041
INFY,Infosys Ltd,2026-08-11 11:30:00,1576.3,1578.75,1573.95,1576.3,29112
INFY,Infosys Ltd,2026-08-11 12:00:00,1563.5,1563.98,1562.55,1563.5,192938
INFY,Infosys Ltd,2026-08-11 12:30:00,1561.03,1562.26,1557.07,1561.03,420508
INFY,Infosys Ltd,2026-08-11 13:00:00,1559.46,1560.28,1557.7,1559.46,324549
INFY,Infosys Ltd,2026-08-11 13:30:00,1565.43,1568.58,1565.03,1565.43,80034
INFY,Infosys Ltd,2026-08-11 14:00:00,1579.24,1579.74,1574.76,1579.24,245947
INFY,Infosys Ltd,2026-08-11 14:30:00,1579.21,1579.64,1576.92,1579.21,360263
INFY,Infosys Ltd,2026-08-11 15:00:00,1566.41,1567.58,1566.05,1566.41,186175
INFY,Infosys Ltd,2026-08-11 15:30:00,1571.68,1571.88,1567.0,1571.68,244513
INFY,Infosys Ltd,2026-08-12 09:30:00,1580.24,1581.22,1577.28,1580.24,258340
INFY,Infosys Ltd,2026-08-12 10:00:00,1585.09,1587.02,1583.41,1585.09,371623
INFY,Infosys Ltd,2026-08-12 10:30:00,1589.21,1591.67,1580.78,1589.21,350101
INFY,Infosys Ltd,2026-08-12 11:00:00,1588.57,1588.81,1584.92,1588.57,30713
INFY,Infosys Ltd,2026-08-12 11:30:00,1580.29,1584.72,1577.51,1580.29,441647
INFY,Infosys Ltd,2026-08-12 12:00:00,1584.57,1586.05,1583.26,1584.57,189717
INFY,Infosys Ltd,2026-08-12 12:30:00,1576.31,1576.71,1574.31,1576.31,136400
INFY,Infosys Ltd,2026-08-12 13:00:00,1571.9,1576.41,1568.66,1571.9,334382
INFY,Infosys Ltd,2026-08-12 13:30:00,1561.8,1565.39,1559.28,1561.8,25668
INFY,Infosys Ltd,2026-08-12 14:00:00,1559.36,1562.49,1554.91,1559.36,52255
INFY,Infosys Ltd,2026-08-12 14:30:00,1554.5,1556.83,1553.02,1554.5,222843
INFY,Infosys Ltd,2026-08-12 15:00:00,1555.99,1557.47,1547.95,1555.99,283319
INFY,Infosys Ltd,2026-08-12 15:30:00,1551.93,1554.4,1551.9,1551.93,91268
INFY,Infosys Ltd,2026-08-13 09:30:00,1547.59,1550.75,1545.8,1547.59,182584
INFY,Infosys Ltd,2026-08-13 10:00:00,1537.97,1539.12,1534.71,1537.97,44478
INFY,Infosys Ltd,2026-08-13 10:30:00,1548.13,1554.37,1544.96,1548.13,213358
INFY,Infosys Ltd,2026-08-13 11:00:00,1540.48,1545.93,1539.34,1540.48,196771
INFY,Infosys Ltd,2026-08-13 11:30:00,1545.68,1547.35,1545.54,1545.68,198245
INFY,Infosys Ltd,2026-08-13 12:00:00,1548.84,1551.0,1544.75,1548.84,311477
INFY,Infosys Ltd,2026-08-13 12:30:00,1542.36,1545.35,1539.17,1542.36,252189
INFY,Infosys Ltd,2026-08-13 13:00:00,1549.05,1555.4,1548.04,1549.05,299339
INFY,Infosys Ltd,2026-08-13 13:30:00,1545.04,1548.78,1542.41,1545.04,248409
INFY,Infosys Ltd,2026-08-13 14:00:00,1538.02,1540.21,1536.61,1538.02,219064
INFY,Infosys Ltd,2026-08-13 14:30:00,1539.41,1540.04,1529.47,1539.41,65880
INFY,Infosys Ltd,2026-08-13 15:00:00,1544.14,1549.43,1540.44,1544.14,76127
INFY,Infosys Ltd,2026-08-13 15:30:00,1539.59,1541.5,1535.08,1539.59,288216
INFY,Infosys Ltd,2026-08-14 09:30:00,1534.13,1534.22,1532.36,1534.13,222518
INFY,Infosys Ltd,2026-08-14 10:00:00,1527.59,1532.38,1522.19,1527.59,151664
INFY,Infosys Ltd,2026-08-14 10:30:00,1517.99,1520.85,1517.4,1517.99,237460
INFY,Infosys Ltd,2026-08-14 11:00:00,1513.8,1514.56,1508.26,1513.8,197589
INFY,Infosys Ltd,2026-08-14 11:30:00,1526.75,1534.85,1524.42,1526.75,193048
INFY,Infosys Ltd,2026-08-14 12:00:00,1531.3,1532.22,1523.98,1531.3,437113
INFY,Infosys Ltd,2026-08-14 12:30:00,1528.34,1532.66,1527.07,1528.34,341437
INFY,Infosys Ltd,2026-08-14 13:00:00,1517.92,1524.13,1515.32,1517.92,71020
INFY,Infosys Ltd,2026-08-14 13:30:00,1519.63,1520.11,1517.63,1519.63,440063
INFY,Infosys Ltd,2026-08-14 14:00:00,1520.03,1522.09,1518.72,1520.03,177259
INFY,Infosys Ltd,2026-08-14 14:30:00,1532.02,1532.84,1526.68,1532.02,317466
INFY,Infosys Ltd,2026-08-14 15:00:00,1544.14,1544.24,1543.13,1544.14,136414
INFY,Infosys Ltd,2026-08-14 15:30:00,1546.71,1547.16,1545.28,1546.71,459268
INFY,Infosys Ltd,2026-08-17 09:30:00,1542.82,1543.33,1542.61,1542.82,96355
INFY,Infosys Ltd,2026-08-17 10:00:00,1548.26,1548.42,1546.66,1548.26,225704
INFY,Infosys Ltd,2026-08-17 10:30:00,1538.15,1538.98,1532.87,1538.15,274084
INFY,Infosys Ltd,2026-08-17 11:00:00,1539.74,1542.55,1537.86,1539.74,121155
INFY,Infosys Ltd,2026-08-17 11:30:00,1541.46,1541.77,1540.18,1541.46,278390
INFY,Infosys Ltd,2026-08-17 12:00:00,1529.35,1530.75,1525.18,1529.35,21331
INFY,Infosys Ltd,2026-08-17 12:30:00,1535.83,1537.14,1532.02,1535.83,262042
INFY,Infosys Ltd,2026-08-17 13:00:00,1541.25,1542.03,1538.0,1541.25,476474
INFY,Infosys Ltd,2026-08-17 13:30:00,1548.63,1550.69,1546.35,1548.63,336914
INFY,Infosys Ltd,2026-08-17 14:00:00,1550.62,1554.83,1548.12,1550.62,204703
INFY,Infosys Ltd,2026-08-17 14:30:00,1558.24,1558.37,1554.17,1558.24,56998
INFY,Infosys Ltd,2026-08-17 15:00:00,1560.68,1561.09,1559.2,1560.68,348258
INFY,Infosys Ltd,2026-08-17 15:30:00,1554.45,1558.77,1554.05,1554.45,241744
INFY,Infosys Ltd,2026-08-18 09:30:00,1562.23,1567.24,1559.21,1562.23,214049
INFY,Infosys Ltd,2026-08-18 10:00:00,1559.81,1560.51,1555.68,1559.81,201241
INFY,Infosys Ltd,2026-08-18 10:30:00,1563.91,1568.48,1562.54,1563.91,253652
INFY,Infosys Ltd,2026-08-18 11:00:00,1574.69,1577.12,1573.5,1574.69,392341
INFY,Infosys Ltd,2026-08-18 11:30:00,1576.26,1577.42,1575.06,1576.26,36447
INFY,Infosys Ltd,2026-08-18 12:00:00,1569.32,1571.41,1568.56,1569.32,190387
INFY,Infosys Ltd,2026-08-18 12:30:00,1572.14,1577.38,1566.8,1572.14,226740
INFY,Infosys Ltd,2026-08-18 13:00:00,1578.93,1582.65,1574.73,1578.93,189363
INFY,Infosys Ltd,2026-08-18 13:30:00,1577.24,1580.23,1574.97,1577.24,86123
INFY,Infosys Ltd,2026-08-18 14:00:00,1574.75,1576.62,1570.02,1574.75,197707
INFY,Infosys Ltd,2026-08-18 14:30:00,1582.41,1584.33,1580.72,1582.41,123572
INFY,Infosys Ltd,2026-08-18 15:00:00,1586.71,1592.45,1580.92,1586.71,326689
INFY,Infosys Ltd,2026-08-18 15:30:00,1584.84,1586.68,1581.24,1584.84,324288
RELIANCE,Reliance Industries,2026-08-03 09:30:00,2919.57,2923.95,2915.4,2919.57,166996
RELIANCE,Reliance Industries,2026-08-03 10:00:00,2937.42,2942.64,2934.62,2937.42,100108
RELIANCE,Reliance Industries,2026-08-03 10:30:00,2948.68,2954.7,2945.81,2948.68,336964
RELIANCE,Reliance Industries,2026-08-03 11:00:00,2952.8,2955.57,2952.31,2952.8,283125
RELIANCE,Reliance Industries,2026-08-03 11:30:00,2955.71,2962.23,2952.38,2955.71,383324
RELIANCE,Reliance Industries,2026-08-03 12:00:00,2966.06,2972.96,2952.4,2966.06,317592
RELIANCE,Reliance Industries,2026-08-03 12:30:00,2969.7,2970.78,2964.8,2969.7,358353
RELIANCE,Reliance Industries,2026-08-03 13:00:00,2984.62,2990.71,2981.18,2984.62,227305
RELIANCE,Reliance Industries,2026-08-03 13:30:00,2970.7,2971.33,2969.13,2970.7,64673
RELIANCE,Reliance Industries,2026-08-03 14:00:00,2992.06,2993.83,2989.46,2992.06,360581
RELIANCE,Reliance Industries,2026-08-03 14:30:00,2985.56,2992.29,2984.58,2985.56,212231
RELIANCE,Reliance Industries,2026-08-03 15:00:00,2982.14,2984.29,2981.92,2982.14,112176
RELIANCE,Reliance Industries,2026-08-03 15:30:00,2979.31,2983.53,2976.08,2979.31,177030
RELIANCE,Reliance Industries,2026-08-04 09:30:00,2964.14,2970.95,2964.03,2964.14,72730
RELIANCE,Reliance Industries,2026-08-04 10:00:00,2949.52,2956.33,2937.42,2949.52,427681
RELIANCE,Reliance Industries,2026-08-04 10:30:00,2949.48,2953.39,2944.38,2949.48,394043
RELIANCE,Reliance Industries,2026-08-04 11:00:00,2951.88,2952.2,2940.68,2951.88,306863
RELIANCE,Reliance Industries,2026-08-04 11:30:00,2939.77,2945.63,2936.99,2939.77,340618
RELIANCE,Reliance Industries,2026-08-04 12:00:00,2934.3,2935.85,2928.71,2934.3,425123
RELIANCE,Reliance Industries,2026-08-04 12:30:00,2935.77,2942.45,2933.48,2935.77,366554
RELIANCE,Reliance Industries,2026-08-04 13:00:00,2940.55,2941.87,2937.89,2940.55,313738
RELIANCE,Reliance Industries,2026-08-04 13:30:00,2932.67,2934.75,2931.16,2932.67,461405
RELIANCE,Reliance Industries,2026-08-04 14:00:00,2928.39,2933.76,2926.47,2928.39,272640
RELIANCE,Reliance Industries,2026-08-04 14:30:00,2935.06,2940.3,2929.25,2935.06,106661
RELIANCE,Reliance Industries,2026-08-04 15:00:00,2944.85,2948.15,2943.18,2944.85,432314
RELIANCE,Reliance Industries,2026-08-04 15:30:00,2921.5,2923.26,2919.14,2921.5,139201
RELIANCE,Reliance Industries,2026-08-05 09:30:00,2886.8,2893.14,2884.61,2886.8,410194
RELIANCE,Reliance Industries,2026-08-05 10:00:00,2880.32,2885.16,2875.3,2880.32,300559
RELIANCE,Reliance Industries,2026-08-05 10:30:00,2881.17,2887.97,2874.01,2881.17,338079
RELIANCE,Reliance Industries,2026-08-05 11:00:00,2873.78,2879.26,2873.32,2873.78,333842
RELIANCE,Reliance Industries,2026-08-05 11:30:00,2868.37,2874.49,2859.76,2868.37,422506
RELIANCE,Reliance Industries,2026-08-05 12:00:00,2871.78,2872.1,2869.69,2871.78,270990
RELIANCE,Reliance Industries,2026-08-05 12:30:00,2884.15,2887.28,2878.32,2884.15,155511
RELIANCE,Reliance Industries,2026-08-05 13:00:00,2886.96,2898.03,2881.16,2886.96,453420
RELIANCE,Reliance Industries,2026-08-05 13:30:00,2901.12,2905.66,2894.93,2901.12,420140
RELIANCE,Reliance Industries,2026-08-05 14:00:00,2912.12,2912.25,2910.3,2912.12,481603
RELIANCE,Reliance Industries,2026-08-05 14:30:00,2918.85,2927.39,2915.73,2918.85,84094
RELIANCE,Reliance Industries,2026-08-05 15:00:00,2931.79,2938.5,2929.97,2931.79,430180
RELIANCE,Reliance Industries,2026-08-05 15:30:00,2941.18,2944.65,2939.5,2941.18,95470
RELIANCE,Reliance Industries,2026-08-06 09:30:00,2899.48,2904.56,2880.88,2899.48,279762
RELIANCE,Reliance Industries,2026-08-06 10:00:00,2892.17,2892.7,2888.61,2892.17,219312
RELIANCE,Reliance Industries,2026-08-06 10:30:00,2899.49,2900.94,2890.14,2899.49,32454
RELIANCE,Reliance Industries,2026-08-06 11:00:00,2903.92,2912.73,2901.35,2903.92,360666
RELIANCE,Reliance Industries,2026-08-06 11:30:00,2906.18,2909.81,2903.04,2906.18,451465
RELIANCE,Reliance Industries,2026-08-06 12:00:00,2891.0,2902.34,2887.05,2891.0,310523
RELIANCE,Reliance Industries,2026-08-06 12:30:00,2882.93,2890.13,2871.01,2882.93,167650
RELIANCE,Reliance Industries,2026-08-06 13:00:00,2901.88,2903.84,2895.3,2901.88,496783
RELIANCE,Reliance Industries,2026-08-06 13:30:00,2912.5,2919.45,2908.4,2912.5,342375
RELIANCE,Reliance Industries,2026-08-06 14:00:00,2918.48,2929.67,2912.76,2918.48,392330
RELIANCE,Reliance Industries,2026-08-06 14:30:00,2897.64,2911.5,2897.4,2897.64,53996
RELIANCE,Reliance Industries,2026-08-06 15:00:00,2889.63,2894.85,2885.79,2889.63,99509
RELIANCE,Reliance Industries,2026-08-06 15:30:00,2898.7,2904.18,2896.97,2898.7,406686
RELIANCE,Reliance Industries,2026-08-07 09:30:00,2898.91,2902.29,2888.19,2898.91,58026
RELIANCE,Reliance Industries,2026-08-07 10:00:00,2910.21,2918.05,2909.83,2910.21,392262
RELIANCE,Reliance Industries,2026-08-07 10:30:00,2912.81,2913.98,2907.23,2912.81,73707
RELIANCE,Reliance Industries,2026-08-07 11:00:00,2931.21,2934.22,2929.1,2931.21,99815
RELIANCE,Reliance Industries,2026-08-07 11:30:00,2941.88,2951.43,2940.49,2941.88,234466
RELIANCE,Reliance Industries,2026-08-07 12:00:00,2934.73,2940.56,2933.09,2934.73,382270
RELIANCE,Reliance Industries,2026-08-07 12:30:00,2935.81,2942.69,2933.51,2935.81,240367
RELIANCE,Reliance Industries,2026-08-07 13:00:00,2956.44,2956.92,2951.73,2956.44,428951
RELIANCE,Reliance Industries,2026-08-07 13:30:00,2962.39,2975.96,2959.06,2962.39,304064
RELIANCE,Reliance Industries,2026-08-07 14:00:00,2980.54,2987.69,2979.84,2980.54,152729
RELIANCE,Reliance Industries,2026-08-07 14:30:00,2983.22,2990.75,2979.87,2983.22,109699
RELIANCE,Reliance Industries,2026-08-07 15:00:00,2986.98,2988.1,2983.63,2986.98,136073
RELIANCE,Reliance Industries,2026-08-07 15:30:00,3001.01,3003.4,2990.54,3001.01,377978
RELIANCE,Reliance Industries,2026-08-10 09:30:00,3043.88,3047.09,3039.53,3043.88,405092
RELIANCE,Reliance Industries,2026-08-10 10:00:00,3051.58,3057.68,3039.15,3051.58,53084
RELIANCE,Reliance Industries,2026-08-10 10:30:00,3049.49,3053.91,3047.94,3049.49,241520
RELIANCE,Reliance Industries,2026-08-10 11:00:00,3072.33,3082.52,3066.58,3072.33,201063
RELIANCE,Reliance Industries,2026-08-10 11:30:00,3079.15,3081.07,3057.7,3079.15,201562
RELIANCE,Reliance Industries,2026-08-10 12:00:00,3081.01,3086.78,3072.42,3081.01,180788
RELIANCE,Reliance Industries,2026-08-10 12:30:00,3093.34,3094.28,3089.82,3093.34,155407
RELIANCE,Reliance Industries,2026-08-10 13:00:00,3106.5,3110.28,3100.97,3106.5,250948
RELIANCE,Reliance Industries,2026-08-10 13:30:00,3086.69,3087.34,3086.47,3086.69,46537
RELIANCE,Reliance Industries,2026-08-10 14:00:00,3095.94,3096.5,3086.54,3095.94,324228
RELIANCE,Reliance Industries,2026-08-10 14:30:00,3121.65,3124.88,3121.08,3121.65,156048
RELIANCE,Reliance Industries,2026-08-10 15:00:00,3122.18,3125.62,3121.48,3122.18,331532
RELIANCE,Reliance Industries,2026-08-10 15:30:00,3141.44,3144.62,3140.57,3141.44,479557
RELIANCE,Reliance Industries,2026-08-11 09:30:00,3122.68,3124.83,3113.08,3122.68,157710
RELIANCE,Reliance Industries,2026-08-11 10:00:00,3112.89,3121.3,3108.88,3112.89,131124
RELIANCE,Reliance Industries,2026-08-11 10:30:00,3105.04,3106.91,3101.02,3105.04,194060
RELIANCE,Reliance Industries,2026-08-11 11:00:00,3090.78,3098.23,3087.4,3090.78,270985
RELIANCE,Reliance Industries,2026-08-11 11:30:00,3094.39,3102.17,3080.88,3094.39,27824
RELIANCE,Reliance Industries,2026-08-11 12:00:00,3097.87,3110.31,3083.64,3097.87,137985
RELIANCE,Reliance Industries,2026-08-11 12:30:00,3097.65,3103.96,3093.11,3097.65,349511
RELIANCE,Reliance Industries,2026-08-11 13:00:00,3101.76,3109.76,3093.43,3101.76,390449
RELIANCE,Reliance Industries,2026-08-11 13:30:00,3102.06,3105.66,3098.4,3102.06,342010
RELIANCE,Reliance Industries,2026-08-11 14:00:00,3111.85,3117.16,3101.4,3111.85,248596
RELIANCE,Reliance Industries,2026-08-11 14:30:00,3127.12,3128.05,3125.62,3127.12,380413
RELIANCE,Reliance Industries,2026-08-11 15:00:00,3133.77,3135.0,3126.36,3133.77,158848
RELIANCE,Reliance Industries,2026-08-11 15:30:00,3140.96,3152.45,3136.5,3140.96,167569
RELIANCE,Reliance Industries,2026-08-12 09:30:00,3134.13,3142.61,3133.55,3134.13,137809
RELIANCE,Reliance Industries,2026-08-12 10:00:00,3153.21,3155.46,3150.15,3153.21,30063
RELIANCE,Reliance Industries,2026-08-12 10:30:00,3179.72,3183.83,3175.1,3179.72,70260
RELIANCE,Reliance Industries,2026-08-12 11:00:00,3184.22,3191.26,3178.21,3184.22,207713
RELIANCE,Reliance Industries,2026-08-12 11:30:00,3192.95,3195.31,3189.18,3192.95,367843
RELIANCE,Reliance Industries,2026-08-12 12:00:00,3161.52,3161.76,3149.3,3161.52,386200
RELIANCE,Reliance Industries,2026-08-12 12:30:00,3158.54,3165.0,3155.23,3158.54,436143
RELIANCE,Reliance Industries,2026-08-12 13:00:00,3163.37,3168.55,3158.49,3163.37,160000
RELIANCE,Reliance Industries,2026-08-12 13:30:00,3170.72,3173.96,3161.97,3170.72,228407
RELIANCE,Reliance Industries,2026-08-12 14:00:00,3178.16,3184.62,3167.67,3178.16,482944
RELIANCE,Reliance Industries,2026-08-12 14:30:00,3185.4,3200.11,3165.82,3185.4,148946
RELIANCE,Reliance Industries,2026-08-12 15:00:00,3169.75,3179.1,3160.17,3169.75,217971
RELIANCE,Reliance Industries,2026-08-12 15:30:00,3176.98,3185.06,3167.61,3176.98,361206
RELIANCE,Reliance Industries,2026-08-13 09:30:00,3181.44,3184.04,3178.21,3181.44,71180
RELIANCE,Reliance Industries,2026-08-13 10:00:00,3168.12,3178.99,3163.23,3168.12,197061
RELIANCE,Reliance Industries,2026-08-13 10:30:00,3146.39,3159.08,3142.54,3146.39,240889
RELIANCE,Reliance Industries,2026-08-13 11:00:00,3147.98,3154.22,3145.9,3147.98,405076
RELIANCE,Reliance Industries,2026-08-13 11:30:00,3154.56,3156.29,3150.58,3154.56,151113
RELIANCE,Reliance Industries,2026-08-13 12:00:00,3163.37,3163.38,3160.01,3163.37,390705
RELIANCE,Reliance Industries,2026-08-13 12:30:00,3169.84,3177.48,3166.9,3169.84,411304
RELIANCE,Reliance Industries,2026-08-13 13:00:00,3166.29,3166.77,3158.85,3166.29,325799
RELIANCE,Reliance Industries,2026-08-13 13:30:00,3159.51,3174.39,3156.02,3159.51,452126
RELIANCE,Reliance Industries,2026-08-13 14:00:00,3159.9,3163.67,3158.01,3159.9,379011
RELIANCE,Reliance Industries,2026-08-13 14:30:00,3154.37,3155.37,3148.9,3154.37,172556
RELIANCE,Reliance Industries,2026-08-13 15:00:00,3130.34,3135.6,3121.06,3130.34,293356
RELIANCE,Reliance Industries,2026-08-13 15:30:00,3102.75,3106.46,3096.45,3102.75,491185
RELIANCE,Reliance Industries,2026-08-14 09:30:00,3098.06,3100.98,3092.41,3098.06,122567
RELIANCE,Reliance Industries,2026-08-14 10:00:00,3104.56,3107.68,3096.92,3104.56,18780
RELIANCE,Reliance Industries,2026-08-14 10:30:00,3122.78,3128.44,3116.02,3122.78,250055
RELIANCE,Reliance Industries,2026-08-14 11:00:00,3128.45,3136.55,3126.25,3128.45,167157
RELIANCE,Reliance Industries,2026-08-14 11:30:00,3124.73,3133.35,3118.3,3124.73,255958
RELIANCE,Reliance Industries,2026-08-14 12:00:00,3101.84,3103.69,3100.67,3101.84,171213
RELIANCE,Reliance Industries,2026-08-14 12:30:00,3097.13,3101.72,3091.41,3097.13,361572
RELIANCE,Reliance Industries,2026-08-14 13:00:00,3090.14,3090.52,3086.1,3090.14,313169
RELIANCE,Reliance Industries,2026-08-14 13:30:00,3075.23,3082.42,3059.45,3075.23,231816
RELIANCE,Reliance Industries,2026-08-14 14:00:00,3048.41,3048.65,3044.5,3048.41,164448
RELIANCE,Reliance Industries,2026-08-14 14:30:00,3034.49,3037.45,3029.5,3034.49,376894
RELIANCE,Reliance Industries,2026-08-14 15:00:00,3039.39,3055.19,3034.04,3039.39,46345
RELIANCE,Reliance Industries,2026-08-14 15:30:00,3038.11,3038.15,3028.77,3038.11,293799
RELIANCE,Reliance Industries,2026-08-17 09:30:00,3011.62,3017.99,3003.84,3011.62,315278
RELIANCE,Reliance Industries,2026-08-17 10:00:00,3021.96,3025.5,3020.6,3021.96,350365
RELIANCE,Reliance Industries,2026-08-17 10:30:00,3001.94,3011.82,2994.22,3001.94,26597
RELIANCE,Reliance Industries,2026-08-17 11:00:00,3027.1,3027.82,3025.7,3027.1,28835
RELIANCE,Reliance Industries,2026-08-17 11:30:00,3048.46,3052.06,3048.04,3048.46,304964
RELIANCE,Reliance Industries,2026-08-17 12:00:00,3057.51,3065.7,3052.78,3057.51,266115
RELIANCE,Reliance Industries,2026-08-17 12:30:00,3070.27,3075.63,3066.72,3070.27,133386
RELIANCE,Reliance Industries,2026-08-17 13:00:00,3061.49,3064.88,3051.99,3061.49,160941
RELIANCE,Reliance Industries,2026-08-17 13:30:00,3042.08,3044.98,3038.35,3042.08,248501
RELIANCE,Reliance Industries,2026-08-17 14:00:00,3053.53,3056.1,3044.86,3053.53,168883
RELIANCE,Reliance Industries,2026-08-17 14:30:00,3061.01,3065.45,3054.92,3061.01,214042
RELIANCE,Reliance Industries,2026-08-17 15:00:00,3060.09,3064.43,3055.42,3060.09,299466
RELIANCE,Reliance Industries,2026-08-17 15:30:00,3067.84,3070.9,3062.62,3067.84,78860
RELIANCE,Reliance Industries,2026-08-18 09:30:00,3053.13,3054.76,3046.82,3053.13,327635
RELIANCE,Reliance Industries,2026-08-18 10:00:00,3023.59,3031.86,3013.78,3023.59,494554
RELIANCE,Reliance Industries,2026-08-18 10:30:00,3009.76,3014.75,3007.11,3009.76,405095
RELIANCE,Reliance Industries,2026-08-18 11:00:00,3033.12,3051.5,3019.9,3033.12,265765
RELIANCE,Reliance Industries,2026-08-18 11:30:00,3038.71,3054.41,3036.41,3038.71,269998
RELIANCE,Reliance Industries,2026-08-18 12:00:00,3029.29,3030.58,3027.5,3029.29,152511
RELIANCE,Reliance Industries,2026-08-18 12:30:00,3027.22,3040.78,3026.78,3027.22,348020
RELIANCE,Reliance Industries,2026-08-18 13:00:00,3022.18,3026.93,3019.06,3022.18,75220
RELIANCE,Reliance Industries,2026-08-18 13:30:00,3022.5,3030.31,3015.39,3022.5,405480
RELIANCE,Reliance Industries,2026-08-18 14:00:00,3019.23,3020.37,3011.26,3019.23,195066
RELIANCE,Reliance Industries,2026-08-18 14:30:00,3024.54,3026.96,3023.7,3024.54,269375
RELIANCE,Reliance Industries,2026-08-18 15:00:00,3008.78,3011.31,3004.63,3008.78,325362
RELIANCE,Reliance Industries,2026-08-18 15:30:00,2992.57,3005.5,2980.6,2992.57,211518
HDFCBANK,HDFC Bank Ltd,2026-08-03 09:30:00,1687.86,1688.16,1686.82,1687.86,320864
HDFCBANK,HDFC Bank Ltd,2026-08-03 10:00:00,1690.21,1693.52,1690.02,1690.21,28752
HDFCBANK,HDFC Bank Ltd,2026-08-03 10:30:00,1698.85,1699.94,1697.71,1698.85,83087
HDFCBANK,HDFC Bank Ltd,2026-08-03 11:00:00,1692.39,1695.05,1690.29,1692.39,176948
HDFCBANK,HDFC Bank Ltd,2026-08-03 11:30:00,1696.88,1697.91,1693.81,1696.88,446766
HDFCBANK,HDFC Bank Ltd,2026-08-03 12:00:00,1701.75,1702.54,1699.31,1701.75,439262
HDFCBANK,HDFC Bank Ltd,2026-08-03 12:30:00,1695.19,1695.39,1692.23,1695.19,13722
HDFCBANK,HDFC Bank Ltd,2026-08-03 13:00:00,1692.72,1695.57,1689.61,1692.72,223387
HDFCBANK,HDFC Bank Ltd,2026-08-03 13:30:00,1684.0,1686.52,1683.34,1684.0,18970
HDFCBANK,HDFC Bank Ltd,2026-08-03 14:00:00,1675.54,1677.34,1674.28,1675.54,348718
HDFCBANK,HDFC Bank Ltd,2026-08-03 14:30:00,1677.52,1682.26,1673.57,1677.52,310934
HDFCBANK,HDFC Bank Ltd,2026-08-03 15:00:00,1673.33,1676.71,1672.92,1673.33,383107
HDFCBANK,HDFC Bank Ltd,2026-08-03 15:30:00,1665.52,1669.16,1663.01,1665.52,21552
HDFCBANK,HDFC Bank Ltd,2026-08-04 09:30:00,1674.67,1675.22,1672.94,1674.67,236231
HDFCBANK,HDFC Bank Ltd,2026-08-04 10:00:00,1673.42,1674.89,1672.37,1673.42,411308
HDFCBANK,HDFC Bank Ltd,2026-08-04 10:30:00,1668.08,1670.48,1666.06,1668.08,449793
HDFCBANK,HDFC Bank Ltd,2026-08-04 11:00:00,1667.9,1668.9,1666.68,1667.9,175419
HDFCBANK,HDFC Bank Ltd,2026-08-04 11:30:00,1670.8,1673.97,1670.76,1670.8,202564
HDFCBANK,HDFC Bank Ltd,2026-08-04 12:00:00,1669.46,1671.04,1667.29,1669.46,190748
HDFCBANK,HDFC Bank Ltd,2026-08-04 12:30:00,1666.78,1669.29,1661.79,1666.78,361906
HDFCBANK,HDFC Bank Ltd,2026-08-04 13:00:00,1661.48,1664.81,1660.08,1661.48,134247
HDFCBANK,HDFC Bank Ltd,2026-08-04 13:30:00,1659.17,1659.59,1656.88,1659.17,498609
HDFCBANK,HDFC Bank Ltd,2026-08-04 14:00:00,1663.75,1664.14,1663.29,1663.75,374616
HDFCBANK,HDFC Bank Ltd,2026-08-04 14:30:00,1667.42,1670.59,1667.2,1667.42,298856
HDFCBANK,HDFC Bank Ltd,2026-08-04 15:00:00,1676.47,1678.49,1676.26,1676.47,359744
HDFCBANK,HDFC Bank Ltd,2026-08-04 15:30:00,1679.29,1685.02,1677.69,1679.29,211848
HDFCBANK,HDFC Bank Ltd,2026-08-05 09:30:00,1699.75,1701.19,1699.16,1699.75,379415
HDFCBANK,HDFC Bank Ltd,2026-08-05 10:00:00,1704.27,1709.94,1701.2,1704.27,348918
HDFCBANK,HDFC Bank Ltd,2026-08-05 10:30:00,1704.01,1707.25,1702.96,1704.01,494173
HDFCBANK,HDFC Bank Ltd,2026-08-05 11:00:00,1710.75,1712.85,1709.89,1710.75,62266
HDFCBANK,HDFC Bank Ltd,2026-08-05 11:30:00,1705.09,1707.6,1704.89,1705.09,283418
HDFCBANK,HDFC Bank Ltd,2026-08-05 12:00:00,1713.54,1713.85,1711.48,1713.54,57532
HDFCBANK,HDFC Bank Ltd,2026-08-05 12:30:00,1705.77,1708.11,1701.83,1705.77,7716
HDFCBANK,HDFC Bank Ltd,2026-08-05 13:00:00,1711.54,1719.22,1709.79,1711.54,87806
HDFCBANK,HDFC Bank Ltd,2026-08-05 13:30:00,1700.41,1704.07,1698.08,1700.41,109572
HDFCBANK,HDFC Bank Ltd,2026-08-05 14:00:00,1695.94,1696.03,1693.62,1695.94,154639
HDFCBANK,HDFC Bank Ltd,2026-08-05 14:30:00,1688.43,1693.31,1685.32,1688.43,285573
HDFCBANK,HDFC Bank Ltd,2026-08-05 15:00:00,1692.35,1692.74,1686.87,1692.35,24555
HDFCBANK,HDFC Bank Ltd,2026-08-05 15:30:00,1695.34,1696.25,1694.05,1695.34,487153
HDFCBANK,HDFC Bank Ltd,2026-08-06 09:30:00,1677.28,1679.81,1673.06,1677.28,102680
HDFCBANK,HDFC Bank Ltd,2026-08-06 10:00:00,1690.46,1693.26,1685.31,1690.46,9858
HDFCBANK,HDFC Bank Ltd,2026-08-06 10:30:00,1685.29,1686.44,1681.65,1685.29,491777
HDFCBANK,HDFC Bank Ltd,2026-08-06 11:00:00,1689.87,1690.11,1686.35,1689.87,263952
HDFCBANK,HDFC Bank Ltd,2026-08-06 11:30:00,1689.38,1690.54,1688.41,1689.38,269352
HDFCBANK,HDFC Bank Ltd,2026-08-06 12:00:00,1685.77,1686.14,1684.5,1685.77,245603
HDFCBANK,HDFC Bank Ltd,2026-08-06 12:30:00,1687.95,1690.62,1684.35,1687.95,12384
HDFCBANK,HDFC Bank Ltd,2026-08-06 13:00:00,1687.11,1692.07,1682.8,1687.11,97009
HDFCBANK,HDFC Bank Ltd,2026-08-06 13:30:00,1683.2,1686.27,1680.63,1683.2,217593
HDFCBANK,HDFC Bank Ltd,2026-08-06 14:00:00,1686.34,1689.34,1682.77,1686.34,101878
HDFCBANK,HDFC Bank Ltd,2026-08-06 14:30:00,1690.68,1693.87,1690.31,1690.68,495642
HDFCBANK,HDFC Bank Ltd,2026-08-06 15:00:00,1690.73,1692.92,1690.3,1690.73,177818
HDFCBANK,HDFC Bank Ltd,2026-08-06 15:30:00,1700.13,1701.58,1695.83,1700.13,10995
HDFCBANK,HDFC Bank Ltd,2026-08-07 09:30:00,1689.39,1690.98,1687.83,1689.39,88737
HDFCBANK,HDFC Bank Ltd,2026-08-07 10:00:00,1683.91,1686.66,1682.05,1683.91,474299
HDFCBANK,HDFC Bank Ltd,2026-08-07 10:30:00,1691.24,1694.37,1689.76,1691.24,498163
HDFCBANK,HDFC Bank Ltd,2026-08-07 11:00:00,1683.75,1684.83,1680.03,1683.75,119886
HDFCBANK,HDFC Bank Ltd,2026-08-07 11:30:00,1689.92,1690.77,1681.81,1689.92,200887
HDFCBANK,HDFC Bank Ltd,2026-08-07 12:00:00,1694.64,1697.72,1692.84,1694.64,251849
HDFCBANK,HDFC Bank Ltd,2026-08-07 12:30:00,1695.11,1700.19,1692.92,1695.11,361695
HDFCBANK,HDFC Bank Ltd,2026-08-07 13:00:00,1686.6,1686.77,1680.89,1686.6,47923
HDFCBANK,HDFC Bank Ltd,2026-08-07 13:30:00,1679.79,1680.34,1675.76,1679.79,63829
HDFCBANK,HDFC Bank Ltd,2026-08-07 14:00:00,1689.33,1692.62,1687.99,1689.33,270020
HDFCBANK,HDFC Bank Ltd,2026-08-07 14:30:00,1691.4,1694.74,1688.57,1691.4,236651
HDFCBANK,HDFC Bank Ltd,2026-08-07 15:00:00,1700.91,1702.35,1699.63,1700.91,310737
HDFCBANK,HDFC Bank Ltd,2026-08-07 15:30:00,1688.81,1689.23,1687.91,1688.81,74176
HDFCBANK,HDFC Bank Ltd,2026-08-10 09:30:00,1689.89,1690.83,1689.63,1689.89,247419
HDFCBANK,HDFC Bank Ltd,2026-08-10 10:00:00,1687.64,1689.77,1685.5,1687.64,6580
HDFCBANK,HDFC Bank Ltd,2026-08-10 10:30:00,1688.23,1688.32,1684.53,1688.23,28744
HDFCBANK,HDFC Bank Ltd,2026-08-10 11:00:00,1680.47,1682.48,1679.52,1680.47,473828
HDFCBANK,HDFC Bank Ltd,2026-08-10 11:30:00,1679.97,1685.89,1677.23,1679.97,21638
HDFCBANK,HDFC Bank Ltd,2026-08-10 12:00:00,1679.15,1680.87,1676.51,1679.15,387357
HDFCBANK,HDFC Bank Ltd,2026-08-10 12:30:00,1685.18,1686.97,1682.86,1685.18,472315
HDFCBANK,HDFC Bank Ltd,2026-08-10 13:00:00,1676.8,1680.59,1674.54,1676.8,362947
HDFCBANK,HDFC Bank Ltd,2026-08-10 13:30:00,1673.8,1679.34,1672.53,1673.8,74724
HDFCBANK,HDFC Bank Ltd,2026-08-10 14:00:00,1670.86,1672.98,1669.36,1670.86,282265
HDFCBANK,HDFC Bank Ltd,2026-08-10 14:30:00,1677.09,1682.49,1671.52,1677.09,442686
HDFCBANK,HDFC Bank Ltd,2026-08-10 15:00:00,1678.29,1678.3,1677.03,1678.29,290446
HDFCBANK,HDFC Bank Ltd,2026-08-10 15:30:00,1686.27,1688.71,1685.01,1686.27,125410
HDFCBANK,HDFC Bank Ltd,2026-08-11 09:30:00,1675.21,1677.05,1671.06,1675.21,64163
HDFCBANK,HDFC Bank Ltd,2026-08-11 10:00:00,1671.77,1675.78,1670.94,1671.77,327396
HDFCBANK,HDFC Bank Ltd,2026-08-11 10:30:00,1672.93,1678.69,1671.05,1672.93,57898
HDFCBANK,HDFC Bank Ltd,2026-08-11 11:00:00,1673.3,1675.82,1671.62,1673.3,357333
HDFCBANK,HDFC Bank Ltd,2026-08-11 11:30:00,1672.79,1673.64,1672.63,1672.79,127861
HDFCBANK,HDFC Bank Ltd,2026-08-11 12:00:00,1667.15,1671.66,1666.0,1667.15,411880
HDFCBANK,HDFC Bank Ltd,2026-08-11 12:30:00,1673.32,1674.46,1672.06,1673.32,388525
HDFCBANK,HDFC Bank Ltd,2026-08-11 13:00:00,1683.27,1686.54,1681.57,1683.27,410032
HDFCBANK,HDFC Bank Ltd,2026-08-11 13:30:00,1680.96,1683.14,1680.46,1680.96,351141
HDFCBANK,HDFC Bank Ltd,2026-08-11 14:00:00,1683.91,1686.78,1683.52,1683.91,149259
HDFCBANK,HDFC Bank Ltd,2026-08-11 14:30:00,1696.59,1699.17,1692.06,1696.59,333200
HDFCBANK,HDFC Bank Ltd,2026-08-11 15:00:00,1688.05,1689.6,1684.82,1688.05,29580
HDFCBANK,HDFC Bank Ltd,2026-08-11 15:30:00,1701.26,1702.43,1698.9,1701.26,172108
HDFCBANK,HDFC Bank Ltd,2026-08-12 09:30:00,1699.14,1701.14,1697.84,1699.14,101405
HDFCBANK,HDFC Bank Ltd,2026-08-12 10:00:00,1699.32,1702.52,1697.92,1699.32,375974
HDFCBANK,HDFC Bank Ltd,2026-08-12 10:30:00,1695.43,1697.37,1692.95,1695.43,35211
HDFCBANK,HDFC Bank Ltd,2026-08-12 11:00:00,1681.74,1684.55,1680.33,1681.74,132327
HDFCBANK,HDFC Bank Ltd,2026-08-12 11:30:00,1680.68,1680.76,1678.17,1680.68,46455
HDFCBANK,HDFC Bank Ltd,2026-08-12 12:00:00,1690.27,1692.83,1686.48,1690.27,104867
HDFCBANK,HDFC Bank Ltd,2026-08-12 12:30:00,1695.23,1697.84,1694.36,1695.23,322178
HDFCBANK,HDFC Bank Ltd,2026-08-12 13:00:00,1686.06,1689.5,1684.26,1686.06,384744
HDFCBANK,HDFC Bank Ltd,2026-08-12 13:30:00,1694.87,1695.8,1693.13,1694.87,114518
HDFCBANK,HDFC Bank Ltd,2026-08-12 14:00:00,1698.34,1700.2,1697.86,1698.34,496341
HDFCBANK,HDFC Bank Ltd,2026-08-12 14:30:00,1698.07,1699.78,1693.74,1698.07,396579
HDFCBANK,HDFC Bank Ltd,2026-08-12 15:00:00,1704.53,1704.54,1704.35,1704.53,112223
HDFCBANK,HDFC Bank Ltd,2026-08-12 15:30:00,1712.26,1713.94,1710.99,1712.26,173618
HDFCBANK,HDFC Bank Ltd,2026-08-13 09:30:00,1716.51,1718.92,1715.1,1716.51,273863
HDFCBANK,HDFC Bank Ltd,2026-08-13 10:00:00,1719.96,1722.34,1717.8,1719.96,425907
HDFCBANK,HDFC Bank Ltd,2026-08-13 10:30:00,1726.37,1726.75,1722.96,1726.37,199356
HDFCBANK,HDFC Bank Ltd,2026-08-13 11:00:00,1715.59,1715.92,1714.78,1715.59,458029
HDFCBANK,HDFC Bank Ltd,2026-08-13 11:30:00,1716.16,1717.74,1715.71,1716.16,308637
HDFCBANK,HDFC Bank Ltd,2026-08-13 12:00:00,1729.5,1729.95,1727.13,1729.5,107860
HDFCBANK,HDFC Bank Ltd,2026-08-13 12:30:00,1726.79,1729.25,1725.09,1726.79,348203
HDFCBANK,HDFC Bank Ltd,2026-08-13 13:00:00,1720.92,1723.37,1720.02,1720.92,405220
HDFCBANK,HDFC Bank Ltd,2026-08-13 13:30:00,1727.43,1734.18,1725.32,1727.43,93202
HDFCBANK,HDFC Bank Ltd,2026-08-13 14:00:00,1722.23,1722.52,1719.57,1722.23,78378
HDFCBANK,HDFC Bank Ltd,2026-08-13 14:30:00,1720.99,1724.26,1717.89,1720.99,341492
HDFCBANK,HDFC Bank Ltd,2026-08-13 15:00:00,1717.42,1720.78,1716.49,1717.42,444913
HDFCBANK,HDFC Bank Ltd,2026-08-13 15:30:00,1725.29,1730.98,1722.89,1725.29,221212
HDFCBANK,HDFC Bank Ltd,2026-08-14 09:30:00,1704.33,1705.06,1703.55,1704.33,84183
HDFCBANK,HDFC Bank Ltd,2026-08-14 10:00:00,1711.07,1711.26,1708.3,1711.07,354571
HDFCBANK,HDFC Bank Ltd,2026-08-14 10:30:00,1716.72,1722.5,1714.17,1716.72,350654
HDFCBANK,HDFC Bank Ltd,2026-08-14 11:00:00,1716.07,1716.09,1715.65,1716.07,282567
HDFCBANK,HDFC Bank Ltd,2026-08-14 11:30:00,1715.78,1716.4,1712.29,1715.78,155307
HDFCBANK,HDFC Bank Ltd,2026-08-14 12:00:00,1726.2,1726.77,1723.8,1726.2,481983
HDFCBANK,HDFC Bank Ltd,2026-08-14 12:30:00,1716.94,1719.69,1711.16,1716.94,279928
HDFCBANK,HDFC Bank Ltd,2026-08-14 13:00:00,1719.16,1720.66,1713.96,1719.16,145155
HDFCBANK,HDFC Bank Ltd,2026-08-14 13:30:00,1717.41,1717.74,1716.3,1717.41,217875
HDFCBANK,HDFC Bank Ltd,2026-08-14 14:00:00,1713.28,1713.83,1712.5,1713.28,439143
HDFCBANK,HDFC Bank Ltd,2026-08-14 14:30:00,1708.72,1711.11,1705.33,1708.72,454954
HDFCBANK,HDFC Bank Ltd,2026-08-14 15:00:00,1707.87,1708.46,1705.58,1707.87,254563
HDFCBANK,HDFC Bank Ltd,2026-08-14 15:30:00,1710.98,1711.35,1710.84,1710.98,94854
HDFCBANK,HDFC Bank Ltd,2026-08-17 09:30:00,1701.29,1704.66,1697.47,1701.29,54997
HDFCBANK,HDFC Bank Ltd,2026-08-17 10:00:00,1714.9,1719.96,1710.96,1714.9,125463
HDFCBANK,HDFC Bank Ltd,2026-08-17 10:30:00,1717.66,1723.26,1715.19,1717.66,29411
HDFCBANK,HDFC Bank Ltd,2026-08-17 11:00:00,1713.44,1717.29,1711.45,1713.44,151996
HDFCBANK,HDFC Bank Ltd,2026-08-17 11:30:00,1719.37,1721.55,1712.92,1719.37,169880
HDFCBANK,HDFC Bank Ltd,2026-08-17 12:00:00,1722.08,1724.02,1721.88,1722.08,80597
HDFCBANK,HDFC Bank Ltd,2026-08-17 12:30:00,1722.2,1726.74,1721.28,1722.2,90170
HDFCBANK,HDFC Bank Ltd,2026-08-17 13:00:00,1723.57,1726.99,1722.12,1723.57,450352
HDFCBANK,HDFC Bank Ltd,2026-08-17 13:30:00,1714.19,1718.09,1711.83,1714.19,78374
HDFCBANK,HDFC Bank Ltd,2026-08-17 14:00:00,1722.54,1723.65,1718.29,1722.54,46118
HDFCBANK,HDFC Bank Ltd,2026-08-17 14:30:00,1707.0,1707.04,1704.12,1707.0,444707
HDFCBANK,HDFC Bank Ltd,2026-08-17 15:00:00,1709.02,1712.47,1707.24,1709.02,326842
HDFCBANK,HDFC Bank Ltd,2026-08-17 15:30:00,1714.52,1715.32,1714.42,1714.52,148302
HDFCBANK,HDFC Bank Ltd,2026-08-18 09:30:00,1722.85,1724.82,1722.22,1722.85,294951
HDFCBANK,HDFC Bank Ltd,2026-08-18 10:00:00,1728.54,1729.65,1726.73,1728.54,49928
HDFCBANK,HDFC Bank Ltd,2026-08-18 10:30:00,1720.88,1721.22,1718.51,1720.88,134210
HDFCBANK,HDFC Bank Ltd,2026-08-18 11:00:00,1720.34,1721.49,1717.78,1720.34,337346
HDFCBANK,HDFC Bank Ltd,2026-08-18 11:30:00,1727.79,1729.41,1725.43,1727.79,194110
HDFCBANK,HDFC Bank Ltd,2026-08-18 12:00:00,1728.25,1728.44,1727.28,1728.25,146435
HDFCBANK,HDFC Bank Ltd,2026-08-18 12:30:00,1733.34,1734.32,1732.6,1733.34,230957
HDFCBANK,HDFC Bank Ltd,2026-08-18 13:00:00,1726.36,1727.52,1725.81,1726.36,190553
HDFCBANK,HDFC Bank Ltd,2026-08-18 13:30:00,1727.09,1730.74,1725.79,1727.09,416271
HDFCBANK,HDFC Bank Ltd,2026-08-18 14:00:00,1724.53,1727.06,1723.79,1724.53,49406
HDFCBANK,HDFC Bank Ltd,2026-08-18 14:30:00,1730.03,1730.61,1726.38,1730.03,132266
HDFCBANK,HDFC Bank Ltd,2026-08-18 15:00:00,1726.86,1727.63,1725.71,1726.86,162879
HDFCBANK,HDFC Bank Ltd,2026-08-18 15:30:00,1729.01,1729.19,1727.4,1729.01,92664
TCS,Tata Consultancy Services,2026-08-03 09:30:00,3830.7,3834.54,3825.96,3830.7,134284
TCS,Tata Consultancy Services,2026-08-03 10:00:00,3835.67,3837.17,3827.58,3835.67,328312
TCS,Tata Consultancy Services,2026-08-03 10:30:00,3837.91,3841.07,3832.14,3837.91,179177
TCS,Tata Consultancy Services,2026-08-03 11:00:00,3870.22,3874.0,3864.4,3870.22,457040
TCS,Tata Consultancy Services,2026-08-03 11:30:00,3864.08,3869.7,3858.47,3864.08,316633
TCS,Tata Consultancy Services,2026-08-03 12:00:00,3838.35,3842.41,3833.68,3838.35,369533
TCS,Tata Consultancy Services,2026-08-03 12:30:00,3842.07,3847.9,3823.98,3842.07,157802
TCS,Tata Consultancy Services,2026-08-03 13:00:00,3833.88,3834.83,3823.98,3833.88,306926
TCS,Tata Consultancy Services,2026-08-03 13:30:00,3836.37,3842.49,3834.04,3836.37,196373
TCS,Tata Consultancy Services,2026-08-03 14:00:00,3860.62,3867.51,3854.64,3860.62,315497
TCS,Tata Consultancy Services,2026-08-03 14:30:00,3869.54,3869.62,3869.36,3869.54,386269
TCS,Tata Consultancy Services,2026-08-03 15:00:00,3866.24,3877.05,3863.59,3866.24,234876
TCS,Tata Consultancy Services,2026-08-03 15:30:00,3874.14,3886.94,3861.64,3874.14,421832
TCS,Tata Consultancy Services,2026-08-04 09:30:00,3878.68,3888.75,3878.64,3878.68,131888
TCS,Tata Consultancy Services,2026-08-04 10:00:00,3878.54,3882.66,3872.42,3878.54,240440
TCS,Tata Consultancy Services,2026-08-04 10:30:00,3884.97,3893.09,3884.49,3884.97,215137
TCS,Tata Consultancy Services,2026-08-04 11:00:00,3853.42,3856.85,3848.4,3853.42,24275
TCS,Tata Consultancy Services,2026-08-04 11:30:00,3842.68,3844.36,3836.24,3842.68,474500
TCS,Tata Consultancy Services,2026-08-04 12:00:00,3849.89,3858.65,3846.97,3849.89,135144
TCS,Tata Consultancy Services,2026-08-04 12:30:00,3846.41,3850.03,3840.89,3846.41,344214
TCS,Tata Consultancy Services,2026-08-04 13:00:00,3832.62,3838.5,3826.41,3832.62,399622
TCS,Tata Consultancy Services,2026-08-04 13:30:00,3816.6,3822.72,3805.72,3816.6,60545
TCS,Tata Consultancy Services,2026-08-04 14:00:00,3827.4,3827.76,3818.94,3827.4,309358
TCS,Tata Consultancy Services,2026-08-04 14:30:00,3826.27,3828.16,3821.68,3826.27,201146
TCS,Tata Consultancy Services,2026-08-04 15:00:00,3807.56,3815.15,3800.58,3807.56,185862
TCS,Tata Consultancy Services,2026-08-04 15:30:00,3798.87,3806.87,3798.75,3798.87,159891
TCS,Tata Consultancy Services,2026-08-05 09:30:00,3799.19,3800.02,3795.61,3799.19,168520
TCS,Tata Consultancy Services,2026-08-05 10:00:00,3796.39,3803.12,3786.23,3796.39,278214
TCS,Tata Consultancy Services,2026-08-05 10:30:00,3780.65,3781.5,3770.74,3780.65,172200
TCS,Tata Consultancy Services,2026-08-05 11:00:00,3788.76,3790.68,3787.9,3788.76,377652
TCS,Tata Consultancy Services,2026-08-05 11:30:00,3809.02,3818.01,3802.74,3809.02,91168
TCS,Tata Consultancy Services,2026-08-05 12:00:00,3792.19,3802.52,3787.32,3792.19,275529
TCS,Tata Consultancy Services,2026-08-05 12:30:00,3795.95,3799.6,3779.62,3795.95,126559
TCS,Tata Consultancy Services,2026-08-05 13:00:00,3783.05,3785.94,3773.71,3783.05,102720
TCS,Tata Consultancy Services,2026-08-05 13:30:00,3773.68,3779.37,3764.29,3773.68,108454
TCS,Tata Consultancy Services,2026-08-05 14:00:00,3777.16,3784.14,3774.88,3777.16,7333
TCS,Tata Consultancy Services,2026-08-05 14:30:00,3774.53,3779.03,3774.34,3774.53,37801
TCS,Tata Consultancy Services,2026-08-05 15:00:00,3749.36,3760.25,3743.6,3749.36,286484
TCS,Tata Consultancy Services,2026-08-05 15:30:00,3754.07,3759.71,3748.89,3754.07,457269
TCS,Tata Consultancy Services,2026-08-06 09:30:00,3756.11,3761.94,3754.84,3756.11,208758
TCS,Tata Consultancy Services,2026-08-06 10:00:00,3742.09,3747.96,3734.44,3742.09,328675
TCS,Tata Consultancy Services,2026-08-06 10:30:00,3763.75,3768.58,3754.62,3763.75,424751
TCS,Tata Consultancy Services,2026-08-06 11:00:00,3758.15,3767.24,3754.97,3758.15,66793
TCS,Tata Consultancy Services,2026-08-06 11:30:00,3761.9,3762.15,3758.47,3761.9,200719
TCS,Tata Consultancy Services,2026-08-06 12:00:00,3756.16,3763.88,3752.9,3756.16,206174
TCS,Tata Consultancy Services,2026-08-06 12:30:00,3759.85,3766.9,3756.15,3759.85,286741
TCS,Tata Consultancy Services,2026-08-06 13:00:00,3752.94,3762.23,3744.19,3752.94,261713
TCS,Tata Consultancy Services,2026-08-06 13:30:00,3752.93,3754.0,3748.63,3752.93,446442
TCS,Tata Consultancy Services,2026-08-06 14:00:00,3748.58,3749.27,3747.97,3748.58,76583
TCS,Tata Consultancy Services,2026-08-06 14:30:00,3750.06,3752.34,3743.69,3750.06,299430
TCS,Tata Consultancy Services,2026-08-06 15:00:00,3733.99,3734.27,3731.16,3733.99,445345
TCS,Tata Consultancy Services,2026-08-06 15:30:00,3720.98,3724.85,3719.55,3720.98,301431
TCS,Tata Consultancy Services,2026-08-07 09:30:00,3686.85,3692.45,3685.54,3686.85,93189
TCS,Tata Consultancy Services,2026-08-07 10:00:00,3703.43,3705.11,3694.83,3703.43,410037
TCS,Tata Consultancy Services,2026-08-07 10:30:00,3705.14,3713.68,3702.61,3705.14,411382
TCS,Tata Consultancy Services,2026-08-07 11:00:00,3709.51,3729.6,3703.93,3709.51,289186
TCS,Tata Consultancy Services,2026-08-07 11:30:00,3711.26,3713.04,3709.6,3711.26,227903
TCS,Tata Consultancy Services,2026-08-07 12:00:00,3694.47,3704.68,3686.82,3694.47,398921
TCS,Tata Consultancy Services,2026-08-07 12:30:00,3694.9,3708.71,3689.72,3694.9,457040
TCS,Tata Consultancy Services,2026-08-07 13:00:00,3697.03,3700.0,3690.37,3697.03,66544
TCS,Tata Consultancy Services,2026-08-07 13:30:00,3698.63,3703.55,3695.27,3698.63,188831
TCS,Tata Consultancy Services,2026-08-07 14:00:00,3681.87,3687.82,3674.77,3681.87,229482
TCS,Tata Consultancy Services,2026-08-07 14:30:00,3685.59,3688.79,3684.35,3685.59,36120
TCS,Tata Consultancy Services,2026-08-07 15:00:00,3694.45,3702.01,3690.9,3694.45,317925
TCS,Tata Consultancy Services,2026-08-07 15:30:00,3682.83,3684.27,3681.24,3682.83,145164
TCS,Tata Consultancy Services,2026-08-10 09:30:00,3705.35,3719.88,3704.04,3705.35,432389
TCS,Tata Consultancy Services,2026-08-10 10:00:00,3734.15,3744.05,3730.74,3734.15,150397
TCS,Tata Consultancy Services,2026-08-10 10:30:00,3704.24,3706.62,3701.62,3704.24,459074
TCS,Tata Consultancy Services,2026-08-10 11:00:00,3709.38,3712.21,3707.13,3709.38,447266
TCS,Tata Consultancy Services,2026-08-10 11:30:00,3718.6,3722.13,3711.53,3718.6,307737
TCS,Tata Consultancy Services,2026-08-10 12:00:00,3705.69,3712.75,3703.78,3705.69,421598
TCS,Tata Consultancy Services,2026-08-10 12:30:00,3709.49,3711.69,3707.44,3709.49,275329
TCS,Tata Consultancy Services,2026-08-10 13:00:00,3709.47,3719.94,3704.09,3709.47,260875
TCS,Tata Consultancy Services,2026-08-10 13:30:00,3699.03,3699.25,3698.61,3699.03,410869
TCS,Tata Consultancy Services,2026-08-10 14:00:00,3702.47,3704.93,3692.98,3702.47,370580
TCS,Tata Consultancy Services,2026-08-10 14:30:00,3699.11,3700.66,3697.21,3699.11,285192
TCS,Tata Consultancy Services,2026-08-10 15:00:00,3670.61,3681.2,3667.05,3670.61,174274
TCS,Tata Consultancy Services,2026-08-10 15:30:00,3656.59,3659.47,3651.23,3656.59,308003
TCS,Tata Consultancy Services,2026-08-11 09:30:00,3643.65,3653.06,3634.74,3643.65,29087
TCS,Tata Consultancy Services,2026-08-11 10:00:00,3629.67,3639.11,3622.85,3629.67,245953
TCS,Tata Consultancy Services,2026-08-11 10:30:00,3660.16,3661.74,3656.11,3660.16,229290
TCS,Tata Consultancy Services,2026-08-11 11:00:00,3672.57,3675.61,3662.74,3672.57,74160
TCS,Tata Consultancy Services,2026-08-11 11:30:00,3681.0,3684.86,3671.27,3681.0,53937
TCS,Tata Consultancy Services,2026-08-11 12:00:00,3661.4,3664.28,3657.2,3661.4,199953
TCS,Tata Consultancy Services,2026-08-11 12:30:00,3651.46,3659.79,3642.57,3651.46,385626
TCS,Tata Consultancy Services,2026-08-11 13:00:00,3657.46,3658.99,3652.81,3657.46,348663
TCS,Tata Consultancy Services,2026-08-11 13:30:00,3662.5,3664.13,3661.89,3662.5,316259
TCS,Tata Consultancy Services,2026-08-11 14:00:00,3667.77,3669.28,3657.73,3667.77,9869
TCS,Tata Consultancy Services,2026-08-11 14:30:00,3680.1,3680.41,3670.37,3680.1,368872
TCS,Tata Consultancy Services,2026-08-11 15:00:00,3698.5,3700.25,3696.58,3698.5,205838
TCS,Tata Consultancy Services,2026-08-11 15:30:00,3719.29,3725.86,3714.08,3719.29,161895
TCS,Tata Consultancy Services,2026-08-12 09:30:00,3700.12,3701.79,3688.9,3700.12,74806
TCS,Tata Consultancy Services,2026-08-12 10:00:00,3687.27,3695.17,3679.36,3687.27,324983
TCS,Tata Consultancy Services,2026-08-12 10:30:00,3694.53,3698.81,3688.62,3694.53,383762
TCS,Tata Consultancy Services,2026-08-12 11:00:00,3699.7,3710.67,3691.48,3699.7,236936
TCS,Tata Consultancy Services,2026-08-12 11:30:00,3690.65,3692.48,3688.43,3690.65,57672
TCS,Tata Consultancy Services,2026-08-12 12:00:00,3695.07,3697.75,3694.28,3695.07,230123
TCS,Tata Consultancy Services,2026-08-12 12:30:00,3682.56,3684.02,3679.15,3682.56,150210
TCS,Tata Consultancy Services,2026-08-12 13:00:00,3676.29,3680.3,3667.61,3676.29,154380
TCS,Tata Consultancy Services,2026-08-12 13:30:00,3663.52,3665.38,3653.4,3663.52,449539
TCS,Tata Consultancy Services,2026-08-12 14:00:00,3679.23,3690.53,3676.69,3679.23,103905
TCS,Tata Consultancy Services,2026-08-12 14:30:00,3696.95,3697.03,3691.28,3696.95,33609
TCS,Tata Consultancy Services,2026-08-12 15:00:00,3702.03,3713.82,3701.58,3702.03,131396
TCS,Tata Consultancy Services,2026-08-12 15:30:00,3715.4,3724.55,3715.38,3715.4,281974
TCS,Tata Consultancy Services,2026-08-13 09:30:00,3757.25,3757.74,3754.48,3757.25,444863
TCS,Tata Consultancy Services,2026-08-13 10:00:00,3769.7,3775.69,3766.96,3769.7,363058
TCS,Tata Consultancy Services,2026-08-13 10:30:00,3776.98,3783.89,3774.29,3776.98,312947
TCS,Tata Consultancy Services,2026-08-13 11:00:00,3776.55,3781.47,3774.33,3776.55,25880
TCS,Tata Consultancy Services,2026-08-13 11:30:00,3806.38,3814.33,3801.79,3806.38,378622
TCS,Tata Consultancy Services,2026-08-13 12:00:00,3813.24,3820.48,3813.19,3813.24,372950
TCS,Tata Consultancy Services,2026-08-13 12:30:00,3796.89,3802.63,3793.0,3796.89,48828
TCS,Tata Consultancy Services,2026-08-13 13:00:00,3795.01,3798.07,3787.27,3795.01,111534
TCS,Tata Consultancy Services,2026-08-13 13:30:00,3803.0,3803.65,3798.7,3803.0,405149
TCS,Tata Consultancy Services,2026-08-13 14:00:00,3819.41,3824.77,3810.28,3819.41,39663
TCS,Tata Consultancy Services,2026-08-13 14:30:00,3813.87,3820.84,3808.92,3813.87,133177
TCS,Tata Consultancy Services,2026-08-13 15:00:00,3810.89,3817.28,3807.04,3810.89,242697
TCS,Tata Consultancy Services,2026-08-13 15:30:00,3807.31,3808.83,3802.16,3807.31,97089
TCS,Tata Consultancy Services,2026-08-14 09:30:00,3760.79,3763.6,3750.44,3760.79,90895
TCS,Tata Consultancy Services,2026-08-14 10:00:00,3748.07,3748.21,3735.37,3748.07,140920
TCS,Tata Consultancy Services,2026-08-14 10:30:00,3745.31,3747.09,3742.21,3745.31,414533
TCS,Tata Consultancy Services,2026-08-14 11:00:00,3760.94,3768.94,3750.03,3760.94,180642
TCS,Tata Consultancy Services,2026-08-14 11:30:00,3780.93,3782.87,3775.75,3780.93,38487
TCS,Tata Consultancy Services,2026-08-14 12:00:00,3777.86,3796.62,3772.22,3777.86,272796
TCS,Tata Consultancy Services,2026-08-14 12:30:00,3766.21,3771.4,3759.96,3766.21,302211
TCS,Tata Consultancy Services,2026-08-14 13:00:00,3770.25,3773.75,3768.11,3770.25,358433
TCS,Tata Consultancy Services,2026-08-14 13:30:00,3741.25,3742.09,3736.39,3741.25,271770
TCS,Tata Consultancy Services,2026-08-14 14:00:00,3768.39,3768.61,3766.28,3768.39,195828
TCS,Tata Consultancy Services,2026-08-14 14:30:00,3768.72,3771.64,3766.07,3768.72,493196
TCS,Tata Consultancy Services,2026-08-14 15:00:00,3772.31,3772.77,3768.72,3772.31,348777
TCS,Tata Consultancy Services,2026-08-14 15:30:00,3751.63,3756.93,3748.69,3751.63,223238
TCS,Tata Consultancy Services,2026-08-17 09:30:00,3771.8,3783.5,3768.66,3771.8,358016
TCS,Tata Consultancy Services,2026-08-17 10:00:00,3768.77,3772.31,3766.26,3768.77,426704
TCS,Tata Consultancy Services,2026-08-17 10:30:00,3764.55,3764.76,3753.07,3764.55,459050
TCS,Tata Consultancy Services,2026-08-17 11:00:00,3781.03,3783.73,3767.92,3781.03,176599
TCS,Tata Consultancy Services,2026-08-17 11:30:00,3794.14,3798.11,3790.22,3794.14,416307
TCS,Tata Consultancy Services,2026-08-17 12:00:00,3802.62,3805.85,3793.44,3802.62,248231
TCS,Tata Consultancy Services,2026-08-17 12:30:00,3777.41,3791.03,3765.43,3777.41,389021
TCS,Tata Consultancy Services,2026-08-17 13:00:00,3777.07,3786.56,3770.22,3777.07,133517
TCS,Tata Consultancy Services,2026-08-17 13:30:00,3795.88,3808.98,3787.28,3795.88,338416
TCS,Tata Consultancy Services,2026-08-17 14:00:00,3798.48,3806.09,3786.42,3798.48,180645
TCS,Tata Consultancy Services,2026-08-17 14:30:00,3818.86,3818.96,3812.29,3818.86,59499
TCS,Tata Consultancy Services,2026-08-17 15:00:00,3800.52,3806.05,3781.4,3800.52,225104
TCS,Tata Consultancy Services,2026-08-17 15:30:00,3795.63,3795.75,3784.66,3795.63,53772
TCS,Tata Consultancy Services,2026-08-18 09:30:00,3760.59,3762.14,3747.35,3760.59,221560
TCS,Tata Consultancy Services,2026-08-18 10:00:00,3756.54,3762.88,3753.68,3756.54,55109
TCS,Tata Consultancy Services,2026-08-18 10:30:00,3755.62,3765.42,3755.28,3755.62,211753
TCS,Tata Consultancy Services,2026-08-18 11:00:00,3771.52,3775.58,3755.14,3771.52,129136
TCS,Tata Consultancy Services,2026-08-18 11:30:00,3785.7,3789.2,3772.62,3785.7,490512
TCS,Tata Consultancy Services,2026-08-18 12:00:00,3792.47,3802.72,3791.91,3792.47,147583
TCS,Tata Consultancy Services,2026-08-18 12:30:00,3780.35,3782.06,3763.82,3780.35,76361
TCS,Tata Consultancy Services,2026-08-18 13:00:00,3783.79,3792.82,3781.46,3783.79,249347
TCS,Tata Consultancy Services,2026-08-18 13:30:00,3790.67,3792.06,3787.43,3790.67,192845
TCS,Tata Consultancy Services,2026-08-18 14:00:00,3799.92,3800.97,3797.97,3799.92,67869
TCS,Tata Consultancy Services,2026-08-18 14:30:00,3810.13,3820.82,3803.31,3810.13,164496
TCS,Tata Consultancy Services,2026-08-18 15:00:00,3820.1,3829.7,3807.21,3820.1,176858
TCS,Tata Consultancy Services,2026-08-18 15:30:00,3826.78,3833.37,3817.9,3826.78,191511
ICICIBANK,ICICI Bank Ltd,2026-08-03 09:30:00,1121.27,1121.84,1120.68,1121.27,217017
ICICIBANK,ICICI Bank Ltd,2026-08-03 10:00:00,1118.76,1120.5,1116.5,1118.76,293421
ICICIBANK,ICICI Bank Ltd,2026-08-03 10:30:00,1118.76,1121.25,1118.36,1118.76,11268
ICICIBANK,ICICI Bank Ltd,2026-08-03 11:00:00,1116.45,1120.05,1114.98,1116.45,121543
ICICIBANK,ICICI Bank Ltd,2026-08-03 11:30:00,1122.11,1125.18,1119.92,1122.11,343000
ICICIBANK,ICICI Bank Ltd,2026-08-03 12:00:00,1126.67,1129.25,1125.16,1126.67,485996
ICICIBANK,ICICI Bank Ltd,2026-08-03 12:30:00,1127.03,1127.47,1122.56,1127.03,237485
ICICIBANK,ICICI Bank Ltd,2026-08-03 13:00:00,1130.87,1131.23,1129.94,1130.87,449216
ICICIBANK,ICICI Bank Ltd,2026-08-03 13:30:00,1132.81,1134.59,1130.38,1132.81,93074
ICICIBANK,ICICI Bank Ltd,2026-08-03 14:00:00,1134.14,1136.29,1133.03,1134.14,384810
ICICIBANK,ICICI Bank Ltd,2026-08-03 14:30:00,1133.27,1133.61,1132.7,1133.27,117573
ICICIBANK,ICICI Bank Ltd,2026-08-03 15:00:00,1130.72,1132.24,1129.73,1130.72,238838
ICICIBANK,ICICI Bank Ltd,2026-08-03 15:30:00,1131.61,1132.01,1130.36,1131.61,159720
ICICIBANK,ICICI Bank Ltd,2026-08-04 09:30:00,1129.27,1131.18,1127.54,1129.27,50991
ICICIBANK,ICICI Bank Ltd,2026-08-04 10:00:00,1128.81,1130.02,1127.35,1128.81,280678
ICICIBANK,ICICI Bank Ltd,2026-08-04 10:30:00,1137.73,1137.77,1130.44,1137.73,290032
ICICIBANK,ICICI Bank Ltd,2026-08-04 11:00:00,1141.54,1148.16,1141.12,1141.54,290484
ICICIBANK,ICICI Bank Ltd,2026-08-04 11:30:00,1137.32,1137.73,1135.28,1137.32,301564
ICICIBANK,ICICI Bank Ltd,2026-08-04 12:00:00,1132.81,1132.85,1131.97,1132.81,119829
ICICIBANK,ICICI Bank Ltd,2026-08-04 12:30:00,1136.4,1140.48,1135.64,1136.4,152289
ICICIBANK,ICICI Bank Ltd,2026-08-04 13:00:00,1149.51,1152.06,1145.65,1149.51,127034
ICICIBANK,ICICI Bank Ltd,2026-08-04 13:30:00,1148.06,1149.1,1147.89,1148.06,349386
ICICIBANK,ICICI Bank Ltd,2026-08-04 14:00:00,1148.38,1151.21,1147.42,1148.38,405582
ICICIBANK,ICICI Bank Ltd,2026-08-04 14:30:00,1141.12,1142.73,1141.08,1141.12,448812
ICICIBANK,ICICI Bank Ltd,2026-08-04 15:00:00,1145.62,1145.87,1139.12,1145.62,96075
ICICIBANK,ICICI Bank Ltd,2026-08-04 15:30:00,1140.01,1141.38,1137.28,1140.01,427686
ICICIBANK,ICICI Bank Ltd,2026-08-05 09:30:00,1141.57,1143.94,1140.96,1141.57,302612
ICICIBANK,ICICI Bank Ltd,2026-08-05 10:00:00,1137.5,1140.2,1136.36,1137.5,103688
ICICIBANK,ICICI Bank Ltd,2026-08-05 10:30:00,1141.8,1145.36,1138.99,1141.8,97042
ICICIBANK,ICICI Bank Ltd,2026-08-05 11:00:00,1140.74,1141.73,1140.68,1140.74,126961
ICICIBANK,ICICI Bank Ltd,2026-08-05 11:30:00,1140.01,1140.28,1137.98,1140.01,326983
ICICIBANK,ICICI Bank Ltd,2026-08-05 12:00:00,1140.57,1140.94,1139.42,1140.57,380881
ICICIBANK,ICICI Bank Ltd,2026-08-05 12:30:00,1144.19,1147.89,1143.65,1144.19,82443
ICICIBANK,ICICI Bank Ltd,2026-08-05 13:00:00,1143.01,1147.37,1140.37,1143.01,410991
ICICIBANK,ICICI Bank Ltd,2026-08-05 13:30:00,1147.29,1149.09,1146.71,1147.29,374380
ICICIBANK,ICICI Bank Ltd,2026-08-05 14:00:00,1148.63,1150.78,1147.81,1148.63,57969
ICICIBANK,ICICI Bank Ltd,2026-08-05 14:30:00,1146.53,1148.26,1142.85,1146.53,234044
ICICIBANK,ICICI Bank Ltd,2026-08-05 15:00:00,1145.41,1146.92,1139.78,1145.41,345357
ICICIBANK,ICICI Bank Ltd,2026-08-05 15:30:00,1142.46,1145.73,1138.02,1142.46,326760
ICICIBANK,ICICI Bank Ltd,2026-08-06 09:30:00,1145.36,1145.87,1142.34,1145.36,96934
ICICIBANK,ICICI Bank Ltd,2026-08-06 10:00:00,1139.97,1142.54,1139.58,1139.97,5942
ICICIBANK,ICICI Bank Ltd,2026-08-06 10:30:00,1142.71,1148.0,1140.95,1142.71,210311
ICICIBANK,ICICI Bank Ltd,2026-08-06 11:00:00,1147.36,1150.53,1146.03,1147.36,171837
ICICIBANK,ICICI Bank Ltd,2026-08-06 11:30:00,1146.16,1151.44,1143.3,1146.16,120812
ICICIBANK,ICICI Bank Ltd,2026-08-06 12:00:00,1144.79,1145.61,1142.73,1144.79,45793
ICICIBANK,ICICI Bank Ltd,2026-08-06 12:30:00,1144.88,1145.37,1138.39,1144.88,93021
ICICIBANK,ICICI Bank Ltd,2026-08-06 13:00:00,1137.17,1141.58,1135.7,1137.17,387355
ICICIBANK,ICICI Bank Ltd,2026-08-06 13:30:00,1131.07,1132.93,1129.46,1131.07,144047
ICICIBANK,ICICI Bank Ltd,2026-08-06 14:00:00,1132.81,1136.19,1130.46,1132.81,382704
ICICIBANK,ICICI Bank Ltd,2026-08-06 14:30:00,1139.25,1141.5,1139.23,1139.25,389085
ICICIBANK,ICICI Bank Ltd,2026-08-06 15:00:00,1136.84,1137.51,1132.81,1136.84,189146
ICICIBANK,ICICI Bank Ltd,2026-08-06 15:30:00,1141.68,1142.69,1141.37,1141.68,256390
ICICIBANK,ICICI Bank Ltd,2026-08-07 09:30:00,1141.44,1143.25,1141.06,1141.44,424008
ICICIBANK,ICICI Bank Ltd,2026-08-07 10:00:00,1146.38,1147.47,1144.8,1146.38,172099
ICICIBANK,ICICI Bank Ltd,2026-08-07 10:30:00,1146.23,1147.31,1143.62,1146.23,89360
ICICIBANK,ICICI Bank Ltd,2026-08-07 11:00:00,1154.27,1154.6,1151.39,1154.27,475875
ICICIBANK,ICICI Bank Ltd,2026-08-07 11:30:00,1158.43,1158.72,1153.55,1158.43,374363
ICICIBANK,ICICI Bank Ltd,2026-08-07 12:00:00,1157.52,1162.95,1156.45,1157.52,91506
ICICIBANK,ICICI Bank Ltd,2026-08-07 12:30:00,1153.66,1155.2,1151.71,1153.66,104606
ICICIBANK,ICICI Bank Ltd,2026-08-07 13:00:00,1155.03,1157.5,1153.44,1155.03,490267
ICICIBANK,ICICI Bank Ltd,2026-08-07 13:30:00,1154.57,1156.37,1154.24,1154.57,31023
ICICIBANK,ICICI Bank Ltd,2026-08-07 14:00:00,1157.91,1160.2,1156.08,1157.91,262398
ICICIBANK,ICICI Bank Ltd,2026-08-07 14:30:00,1160.4,1162.21,1158.66,1160.4,352089
ICICIBANK,ICICI Bank Ltd,2026-08-07 15:00:00,1162.11,1163.99,1160.22,1162.11,55849
ICICIBANK,ICICI Bank Ltd,2026-08-07 15:30:00,1164.91,1165.14,1164.66,1164.91,447378
ICICIBANK,ICICI Bank Ltd,2026-08-10 09:30:00,1157.8,1158.37,1155.25,1157.8,474173
ICICIBANK,ICICI Bank Ltd,2026-08-10 10:00:00,1156.73,1157.59,1155.31,1156.73,469253
ICICIBANK,ICICI Bank Ltd,2026-08-10 10:30:00,1155.92,1157.01,1154.91,1155.92,28392
ICICIBANK,ICICI Bank Ltd,2026-08-10 11:00:00,1155.49,1158.06,1155.22,1155.49,37316
ICICIBANK,ICICI Bank Ltd,2026-08-10 11:30:00,1159.1,1161.19,1156.19,1159.1,55700
ICICIBANK,ICICI Bank Ltd,2026-08-10 12:00:00,1162.76,1163.85,1156.78,1162.76,314186
ICICIBANK,ICICI Bank Ltd,2026-08-10 12:30:00,1159.57,1159.69,1158.76,1159.57,207955
ICICIBANK,ICICI Bank Ltd,2026-08-10 13:00:00,1161.59,1163.79,1157.04,1161.59,253944
ICICIBANK,ICICI Bank Ltd,2026-08-10 13:30:00,1159.52,1161.05,1158.77,1159.52,161684
ICICIBANK,ICICI Bank Ltd,2026-08-10 14:00:00,1168.33,1170.73,1167.71,1168.33,477097
ICICIBANK,ICICI Bank Ltd,2026-08-10 14:30:00,1162.95,1165.96,1162.63,1162.95,330201
ICICIBANK,ICICI Bank Ltd,2026-08-10 15:00:00,1169.77,1174.34,1164.35,1169.77,92642
ICICIBANK,ICICI Bank Ltd,2026-08-10 15:30:00,1173.36,1177.57,1172.62,1173.36,71157
ICICIBANK,ICICI Bank Ltd,2026-08-11 09:30:00,1168.84,1170.52,1167.55,1168.84,82530
ICICIBANK,ICICI Bank Ltd,2026-08-11 10:00:00,1177.15,1178.06,1175.58,1177.15,482523
ICICIBANK,ICICI Bank Ltd,2026-08-11 10:30:00,1175.92,1180.14,1173.36,1175.92,294435
ICICIBANK,ICICI Bank Ltd,2026-08-11 11:00:00,1179.04,1179.91,1177.36,1179.04,245206
ICICIBANK,ICICI Bank Ltd,2026-08-11 11:30:00,1179.68,1179.87,1178.72,1179.68,414828
ICICIBANK,ICICI Bank Ltd,2026-08-11 12:00:00,1173.71,1175.83,1172.53,1173.71,82699
ICICIBANK,ICICI Bank Ltd,2026-08-11 12:30:00,1168.03,1169.29,1166.99,1168.03,60383
ICICIBANK,ICICI Bank Ltd,2026-08-11 13:00:00,1167.56,1168.56,1167.15,1167.56,154995
ICICIBANK,ICICI Bank Ltd,2026-08-11 13:30:00,1174.04,1177.61,1172.71,1174.04,348297
ICICIBANK,ICICI Bank Ltd,2026-08-11 14:00:00,1171.48,1174.68,1171.19,1171.48,24642
ICICIBANK,ICICI Bank Ltd,2026-08-11 14:30:00,1173.72,1175.82,1171.11,1173.72,215616
ICICIBANK,ICICI Bank Ltd,2026-08-11 15:00:00,1168.92,1173.68,1167.74,1168.92,178798
ICICIBANK,ICICI Bank Ltd,2026-08-11 15:30:00,1168.38,1169.07,1166.55,1168.38,200266
ICICIBANK,ICICI Bank Ltd,2026-08-12 09:30:00,1157.73,1158.54,1155.94,1157.73,151982
ICICIBANK,ICICI Bank Ltd,2026-08-12 10:00:00,1162.78,1166.61,1160.29,1162.78,124515
ICICIBANK,ICICI Bank Ltd,2026-08-12 10:30:00,1151.34,1155.47,1146.68,1151.34,237317
ICICIBANK,ICICI Bank Ltd,2026-08-12 11:00:00,1151.95,1153.95,1151.53,1151.95,51812
ICICIBANK,ICICI Bank Ltd,2026-08-12 11:30:00,1145.72,1146.32,1144.26,1145.72,436997
ICICIBANK,ICICI Bank Ltd,2026-08-12 12:00:00,1141.32,1142.77,1139.12,1141.32,34468
ICICIBANK,ICICI Bank Ltd,2026-08-12 12:30:00,1140.86,1142.2,1140.73,1140.86,168118
ICICIBANK,ICICI Bank Ltd,2026-08-12 13:00:00,1139.7,1141.94,1139.17,1139.7,303148
ICICIBANK,ICICI Bank Ltd,2026-08-12 13:30:00,1134.24,1135.7,1133.97,1134.24,441695
ICICIBANK,ICICI Bank Ltd,2026-08-12 14:00:00,1134.72,1135.46,1134.0,1134.72,193940
ICICIBANK,ICICI Bank Ltd,2026-08-12 14:30:00,1135.02,1135.53,1133.28,1135.02,436754
ICICIBANK,ICICI Bank Ltd,2026-08-12 15:00:00,1130.57,1131.07,1127.54,1130.57,131845
ICICIBANK,ICICI Bank Ltd,2026-08-12 15:30:00,1127.39,1129.5,1125.21,1127.39,98104
ICICIBANK,ICICI Bank Ltd,2026-08-13 09:30:00,1132.08,1132.54,1129.67,1132.08,140612
ICICIBANK,ICICI Bank Ltd,2026-08-13 10:00:00,1139.25,1139.27,1135.77,1139.25,154458
ICICIBANK,ICICI Bank Ltd,2026-08-13 10:30:00,1140.68,1140.81,1138.27,1140.68,117364
ICICIBANK,ICICI Bank Ltd,2026-08-13 11:00:00,1134.37,1136.42,1131.81,1134.37,360307
ICICIBANK,ICICI Bank Ltd,2026-08-13 11:30:00,1136.14,1139.32,1131.61,1136.14,407429
ICICIBANK,ICICI Bank Ltd,2026-08-13 12:00:00,1135.39,1136.45,1133.04,1135.39,74370
ICICIBANK,ICICI Bank Ltd,2026-08-13 12:30:00,1131.68,1134.14,1129.96,1131.68,427096
ICICIBANK,ICICI Bank Ltd,2026-08-13 13:00:00,1131.87,1135.22,1130.61,1131.87,376913
ICICIBANK,ICICI Bank Ltd,2026-08-13 13:30:00,1128.9,1130.75,1127.41,1128.9,137119
ICICIBANK,ICICI Bank Ltd,2026-08-13 14:00:00,1131.83,1132.21,1129.95,1131.83,277964
ICICIBANK,ICICI Bank Ltd,2026-08-13 14:30:00,1133.88,1135.92,1131.71,1133.88,352265
ICICIBANK,ICICI Bank Ltd,2026-08-13 15:00:00,1137.14,1141.39,1136.23,1137.14,299365
ICICIBANK,ICICI Bank Ltd,2026-08-13 15:30:00,1133.39,1135.87,1133.06,1133.39,38469
ICICIBANK,ICICI Bank Ltd,2026-08-14 09:30:00,1131.74,1132.07,1129.76,1131.74,150167
ICICIBANK,ICICI Bank Ltd,2026-08-14 10:00:00,1131.24,1134.8,1129.75,1131.24,83606
ICICIBANK,ICICI Bank Ltd,2026-08-14 10:30:00,1128.85,1130.52,1128.67,1128.85,34766
ICICIBANK,ICICI Bank Ltd,2026-08-14 11:00:00,1131.63,1135.46,1128.94,1131.63,361912
ICICIBANK,ICICI Bank Ltd,2026-08-14 11:30:00,1127.72,1128.04,1127.32,1127.72,265766
ICICIBANK,ICICI Bank Ltd,2026-08-14 12:00:00,1131.21,1131.24,1129.26,1131.21,23517
ICICIBANK,ICICI Bank Ltd,2026-08-14 12:30:00,1133.41,1139.78,1129.75,1133.41,432826
ICICIBANK,ICICI Bank Ltd,2026-08-14 13:00:00,1136.1,1139.5,1135.61,1136.1,416512
ICICIBANK,ICICI Bank Ltd,2026-08-14 13:30:00,1141.64,1147.0,1140.81,1141.64,192955
ICICIBANK,ICICI Bank Ltd,2026-08-14 14:00:00,1132.82,1133.02,1130.32,1132.82,99967
ICICIBANK,ICICI Bank Ltd,2026-08-14 14:30:00,1125.02,1125.71,1122.57,1125.02,393454
ICICIBANK,ICICI Bank Ltd,2026-08-14 15:00:00,1124.57,1128.65,1124.46,1124.57,361365
ICICIBANK,ICICI Bank Ltd,2026-08-14 15:30:00,1121.72,1124.36,1119.79,1121.72,121524
ICICIBANK,ICICI Bank Ltd,2026-08-17 09:30:00,1118.33,1120.25,1117.86,1118.33,141608
ICICIBANK,ICICI Bank Ltd,2026-08-17 10:00:00,1114.44,1116.57,1113.16,1114.44,66751
ICICIBANK,ICICI Bank Ltd,2026-08-17 10:30:00,1105.64,1106.46,1101.05,1105.64,42337
ICICIBANK,ICICI Bank Ltd,2026-08-17 11:00:00,1100.32,1101.74,1100.06,1100.32,67818
ICICIBANK,ICICI Bank Ltd,2026-08-17 11:30:00,1103.22,1104.82,1103.0,1103.22,452867
ICICIBANK,ICICI Bank Ltd,2026-08-17 12:00:00,1104.62,1108.65,1099.02,1104.62,184657
ICICIBANK,ICICI Bank Ltd,2026-08-17 12:30:00,1099.8,1101.34,1097.77,1099.8,170876
ICICIBANK,ICICI Bank Ltd,2026-08-17 13:00:00,1097.1,1098.0,1096.05,1097.1,47368
ICICIBANK,ICICI Bank Ltd,2026-08-17 13:30:00,1090.92,1091.16,1089.55,1090.92,7471
ICICIBANK,ICICI Bank Ltd,2026-08-17 14:00:00,1096.47,1097.91,1096.03,1096.47,410558
ICICIBANK,ICICI Bank Ltd,2026-08-17 14:30:00,1100.12,1103.39,1096.39,1100.12,51159
ICICIBANK,ICICI Bank Ltd,2026-08-17 15:00:00,1100.61,1102.23,1098.91,1100.61,230134
ICICIBANK,ICICI Bank Ltd,2026-08-17 15:30:00,1091.24,1094.46,1090.79,1091.24,109550
ICICIBANK,ICICI Bank Ltd,2026-08-18 09:30:00,1097.08,1101.49,1095.66,1097.08,401806
ICICIBANK,ICICI Bank Ltd,2026-08-18 10:00:00,1098.51,1099.75,1097.14,1098.51,135454
ICICIBANK,ICICI Bank Ltd,2026-08-18 10:30:00,1092.98,1093.65,1088.56,1092.98,168626
ICICIBANK,ICICI Bank Ltd,2026-08-18 11:00:00,1095.95,1097.51,1094.82,1095.95,436931
ICICIBANK,ICICI Bank Ltd,2026-08-18 11:30:00,1094.55,1099.66,1093.04,1094.55,244036
ICICIBANK,ICICI Bank Ltd,2026-08-18 12:00:00,1093.73,1096.65,1091.33,1093.73,75144
ICICIBANK,ICICI Bank Ltd,2026-08-18 12:30:00,1101.52,1104.13,1097.56,1101.52,193350
ICICIBANK,ICICI Bank Ltd,2026-08-18 13:00:00,1101.52,1102.85,1098.17,1101.52,15026
ICICIBANK,ICICI Bank Ltd,2026-08-18 13:30:00,1097.08,1097.55,1093.57,1097.08,73789
ICICIBANK,ICICI Bank Ltd,2026-08-18 14:00:00,1097.3,1097.75,1096.17,1097.3,377826
ICICIBANK,ICICI Bank Ltd,2026-08-18 14:30:00,1097.23,1097.59,1096.74,1097.23,464561
ICICIBANK,ICICI Bank Ltd,2026-08-18 15:00:00,1092.44,1095.34,1090.34,1092.44,30145
ICICIBANK,ICICI Bank Ltd,2026-08-18 15:30:00,1088.34,1090.01,1085.64,1088.34,15350
WIPRO,Wipro Ltd,2026-08-03 09:30:00,457.81,458.69,457.15,457.81,372981
WIPRO,Wipro Ltd,2026-08-03 10:00:00,459.12,460.2,457.57,459.12,335464
WIPRO,Wipro Ltd,2026-08-03 10:30:00,461.67,461.75,460.47,461.67,331525
WIPRO,Wipro Ltd,2026-08-03 11:00:00,463.44,463.97,463.03,463.44,440501
WIPRO,Wipro Ltd,2026-08-03 11:30:00,465.82,466.71,465.07,465.82,416440
WIPRO,Wipro Ltd,2026-08-03 12:00:00,464.46,465.1,463.95,464.46,109726
WIPRO,Wipro Ltd,2026-08-03 12:30:00,465.27,467.58,464.12,465.27,219830
WIPRO,Wipro Ltd,2026-08-03 13:00:00,464.88,464.98,464.54,464.88,265232
WIPRO,Wipro Ltd,2026-08-03 13:30:00,468.08,469.1,467.18,468.08,11684
WIPRO,Wipro Ltd,2026-08-03 14:00:00,468.3,469.59,465.9,468.3,442902
WIPRO,Wipro Ltd,2026-08-03 14:30:00,465.7,466.35,463.65,465.7,44346
WIPRO,Wipro Ltd,2026-08-03 15:00:00,464.35,464.44,463.78,464.35,139161
WIPRO,Wipro Ltd,2026-08-03 15:30:00,462.66,463.74,461.71,462.66,31256
WIPRO,Wipro Ltd,2026-08-04 09:30:00,458.69,458.84,458.38,458.69,157340
WIPRO,Wipro Ltd,2026-08-04 10:00:00,456.34,457.75,455.8,456.34,451298
WIPRO,Wipro Ltd,2026-08-04 10:30:00,456.88,456.9,456.51,456.88,451692
WIPRO,Wipro Ltd,2026-08-04 11:00:00,459.15,460.5,457.92,459.15,331005
WIPRO,Wipro Ltd,2026-08-04 11:30:00,463.72,463.95,461.73,463.72,200361
WIPRO,Wipro Ltd,2026-08-04 12:00:00,464.35,465.07,461.77,464.35,147518
WIPRO,Wipro Ltd,2026-08-04 12:30:00,468.05,469.03,466.41,468.05,255738
WIPRO,Wipro Ltd,2026-08-04 13:00:00,469.16,470.88,468.98,469.16,369993
WIPRO,Wipro Ltd,2026-08-04 13:30:00,467.99,468.51,464.5,467.99,447682
WIPRO,Wipro Ltd,2026-08-04 14:00:00,469.39,470.48,467.49,469.39,360673
WIPRO,Wipro Ltd,2026-08-04 14:30:00,466.95,468.54,466.3,466.95,413506
WIPRO,Wipro Ltd,2026-08-04 15:00:00,466.57,466.81,465.62,466.57,472540
WIPRO,Wipro Ltd,2026-08-04 15:30:00,462.22,464.11,460.19,462.22,64211
WIPRO,Wipro Ltd,2026-08-05 09:30:00,464.96,465.13,464.85,464.96,460256
WIPRO,Wipro Ltd,2026-08-05 10:00:00,464.64,465.57,462.74,464.64,307330
WIPRO,Wipro Ltd,2026-08-05 10:30:00,464.35,465.22,461.93,464.35,277157
WIPRO,Wipro Ltd,2026-08-05 11:00:00,462.97,464.87,462.69,462.97,54934
WIPRO,Wipro Ltd,2026-08-05 11:30:00,459.34,460.15,457.55,459.34,341280
WIPRO,Wipro Ltd,2026-08-05 12:00:00,459.75,461.51,458.2,459.75,297733
WIPRO,Wipro Ltd,2026-08-05 12:30:00,462.38,463.45,459.51,462.38,270063
WIPRO,Wipro Ltd,2026-08-05 13:00:00,462.8,464.21,460.84,462.8,460824
WIPRO,Wipro Ltd,2026-08-05 13:30:00,464.89,466.67,464.41,464.89,150834
WIPRO,Wipro Ltd,2026-08-05 14:00:00,466.9,467.74,466.62,466.9,342283
WIPRO,Wipro Ltd,2026-08-05 14:30:00,463.58,465.15,462.4,463.58,305435
WIPRO,Wipro Ltd,2026-08-05 15:00:00,464.85,467.17,464.07,464.85,239392
WIPRO,Wipro Ltd,2026-08-05 15:30:00,462.04,465.21,462.04,462.04,216518
WIPRO,Wipro Ltd,2026-08-06 09:30:00,460.77,460.79,460.76,460.77,52655
WIPRO,Wipro Ltd,2026-08-06 10:00:00,462.41,465.47,460.72,462.41,299824
WIPRO,Wipro Ltd,2026-08-06 10:30:00,458.47,458.95,456.71,458.47,183705
WIPRO,Wipro Ltd,2026-08-06 11:00:00,457.93,458.24,457.7,457.93,298680
WIPRO,Wipro Ltd,2026-08-06 11:30:00,460.58,460.76,458.93,460.58,380735
WIPRO,Wipro Ltd,2026-08-06 12:00:00,458.43,460.05,456.88,458.43,121259
WIPRO,Wipro Ltd,2026-08-06 12:30:00,461.14,462.3,461.13,461.14,337220
WIPRO,Wipro Ltd,2026-08-06 13:00:00,463.14,463.37,461.23,463.14,29000
WIPRO,Wipro Ltd,2026-08-06 13:30:00,462.61,463.75,461.74,462.61,435880
WIPRO,Wipro Ltd,2026-08-06 14:00:00,461.79,463.72,460.47,461.79,103326
WIPRO,Wipro Ltd,2026-08-06 14:30:00,463.9,465.66,462.24,463.9,118030
WIPRO,Wipro Ltd,2026-08-06 15:00:00,459.74,460.31,459.62,459.74,222301
WIPRO,Wipro Ltd,2026-08-06 15:30:00,458.6,460.25,458.1,458.6,357395
WIPRO,Wipro Ltd,2026-08-07 09:30:00,459.78,461.11,458.11,459.78,75588
WIPRO,Wipro Ltd,2026-08-07 10:00:00,454.64,454.75,454.61,454.64,390988
WIPRO,Wipro Ltd,2026-08-07 10:30:00,460.05,460.91,459.3,460.05,271512
WIPRO,Wipro Ltd,2026-08-07 11:00:00,457.66,458.18,455.03,457.66,367711
WIPRO,Wipro Ltd,2026-08-07 11:30:00,454.18,455.11,453.35,454.18,319859
WIPRO,Wipro Ltd,2026-08-07 12:00:00,455.91,456.75,455.24,455.91,467102
WIPRO,Wipro Ltd,2026-08-07 12:30:00,450.83,453.05,449.07,450.83,148443
WIPRO,Wipro Ltd,2026-08-07 13:00:00,448.78,449.65,448.12,448.78,159231
WIPRO,Wipro Ltd,2026-08-07 13:30:00,447.55,447.74,445.97,447.55,397391
WIPRO,Wipro Ltd,2026-08-07 14:00:00,449.48,451.78,449.3,449.48,292208
WIPRO,Wipro Ltd,2026-08-07 14:30:00,451.91,453.37,450.34,451.91,110323
WIPRO,Wipro Ltd,2026-08-07 15:00:00,450.56,451.04,448.72,450.56,364982
WIPRO,Wipro Ltd,2026-08-07 15:30:00,448.54,450.01,446.82,448.54,98225
WIPRO,Wipro Ltd,2026-08-10 09:30:00,448.17,448.53,447.18,448.17,65505
WIPRO,Wipro Ltd,2026-08-10 10:00:00,448.38,449.91,445.89,448.38,377309
WIPRO,Wipro Ltd,2026-08-10 10:30:00,445.53,447.25,444.55,445.53,446130
WIPRO,Wipro Ltd,2026-08-10 11:00:00,440.77,441.28,440.61,440.77,60821
WIPRO,Wipro Ltd,2026-08-10 11:30:00,440.95,441.6,440.85,440.95,356406
WIPRO,Wipro Ltd,2026-08-10 12:00:00,442.69,443.01,441.94,442.69,363293
WIPRO,Wipro Ltd,2026-08-10 12:30:00,436.09,436.1,433.87,436.09,367070
WIPRO,Wipro Ltd,2026-08-10 13:00:00,436.43,437.19,435.37,436.43,242289
WIPRO,Wipro Ltd,2026-08-10 13:30:00,435.86,437.74,434.46,435.86,392707
WIPRO,Wipro Ltd,2026-08-10 14:00:00,434.33,434.64,433.64,434.33,272870
WIPRO,Wipro Ltd,2026-08-10 14:30:00,432.5,432.94,430.48,432.5,155805
WIPRO,Wipro Ltd,2026-08-10 15:00:00,432.25,432.58,431.36,432.25,418197
WIPRO,Wipro Ltd,2026-08-10 15:30:00,433.87,434.86,433.71,433.87,294472
WIPRO,Wipro Ltd,2026-08-11 09:30:00,429.93,430.7,428.39,429.93,237293
WIPRO,Wipro Ltd,2026-08-11 10:00:00,426.59,427.8,424.4,426.59,374428
WIPRO,Wipro Ltd,2026-08-11 10:30:00,426.05,427.1,424.46,426.05,108006
WIPRO,Wipro Ltd,2026-08-11 11:00:00,424.08,424.56,421.2,424.08,159233
WIPRO,Wipro Ltd,2026-08-11 11:30:00,417.94,418.95,415.39,417.94,390393
WIPRO,Wipro Ltd,2026-08-11 12:00:00,420.51,421.6,420.42,420.51,229661
WIPRO,Wipro Ltd,2026-08-11 12:30:00,420.19,421.06,419.04,420.19,7959
WIPRO,Wipro Ltd,2026-08-11 13:00:00,423.87,424.73,422.31,423.87,86162
WIPRO,Wipro Ltd,2026-08-11 13:30:00,428.9,429.55,427.28,428.9,332872
WIPRO,Wipro Ltd,2026-08-11 14:00:00,426.64,427.9,425.53,426.64,262189
WIPRO,Wipro Ltd,2026-08-11 14:30:00,427.36,428.75,425.75,427.36,280458
WIPRO,Wipro Ltd,2026-08-11 15:00:00,428.94,429.08,428.22,428.94,40744
WIPRO,Wipro Ltd,2026-08-11 15:30:00,429.24,429.9,428.12,429.24,188187
WIPRO,Wipro Ltd,2026-08-12 09:30:00,426.23,426.46,425.24,426.23,194161
WIPRO,Wipro Ltd,2026-08-12 10:00:00,424.72,427.4,423.78,424.72,299301
WIPRO,Wipro Ltd,2026-08-12 10:30:00,422.98,424.4,420.14,422.98,9615
WIPRO,Wipro Ltd,2026-08-12 11:00:00,424.55,425.24,424.45,424.55,486614
WIPRO,Wipro Ltd,2026-08-12 11:30:00,427.79,429.87,425.8,427.79,362853
WIPRO,Wipro Ltd,2026-08-12 12:00:00,429.47,430.21,429.31,429.47,139527
WIPRO,Wipro Ltd,2026-08-12 12:30:00,428.39,429.3,428.16,428.39,482802
WIPRO,Wipro Ltd,2026-08-12 13:00:00,424.5,424.7,423.15,424.5,260225
WIPRO,Wipro Ltd,2026-08-12 13:30:00,424.25,426.58,423.6,424.25,105931
WIPRO,Wipro Ltd,2026-08-12 14:00:00,423.85,424.28,421.37,423.85,410441
WIPRO,Wipro Ltd,2026-08-12 14:30:00,427.27,427.41,427.24,427.27,39326
WIPRO,Wipro Ltd,2026-08-12 15:00:00,428.06,429.62,427.66,428.06,443129
WIPRO,Wipro Ltd,2026-08-12 15:30:00,431.44,432.57,430.57,431.44,373439
WIPRO,Wipro Ltd,2026-08-13 09:30:00,434.57,435.81,434.39,434.57,364684
WIPRO,Wipro Ltd,2026-08-13 10:00:00,433.75,434.48,432.7,433.75,178914
WIPRO,Wipro Ltd,2026-08-13 10:30:00,434.63,434.73,434.24,434.63,41931
WIPRO,Wipro Ltd,2026-08-13 11:00:00,436.22,436.96,435.84,436.22,140606
WIPRO,Wipro Ltd,2026-08-13 11:30:00,434.09,434.78,433.25,434.09,209211
WIPRO,Wipro Ltd,2026-08-13 12:00:00,435.23,435.89,433.95,435.23,341290
WIPRO,Wipro Ltd,2026-08-13 12:30:00,435.07,435.48,435.06,435.07,449727
WIPRO,Wipro Ltd,2026-08-13 13:00:00,434.36,436.75,433.19,434.36,60645
WIPRO,Wipro Ltd,2026-08-13 13:30:00,433.49,435.19,432.75,433.49,490852
WIPRO,Wipro Ltd,2026-08-13 14:00:00,432.32,433.39,431.88,432.32,351409
WIPRO,Wipro Ltd,2026-08-13 14:30:00,433.64,433.77,433.28,433.64,422737
WIPRO,Wipro Ltd,2026-08-13 15:00:00,437.41,437.84,436.01,437.41,337422
WIPRO,Wipro Ltd,2026-08-13 15:30:00,439.57,440.96,437.78,439.57,387376
WIPRO,Wipro Ltd,2026-08-14 09:30:00,438.72,438.89,438.68,438.72,463629
WIPRO,Wipro Ltd,2026-08-14 10:00:00,437.59,437.8,436.02,437.59,286622
WIPRO,Wipro Ltd,2026-08-14 10:30:00,437.69,438.16,437.55,437.69,115128
WIPRO,Wipro Ltd,2026-08-14 11:00:00,437.64,440.16,436.97,437.64,343654
WIPRO,Wipro Ltd,2026-08-14 11:30:00,439.64,440.03,439.12,439.64,101465
WIPRO,Wipro Ltd,2026-08-14 12:00:00,440.45,442.64,440.2,440.45,424252
WIPRO,Wipro Ltd,2026-08-14 12:30:00,441.85,442.21,441.69,441.85,398762
WIPRO,Wipro Ltd,2026-08-14 13:00:00,448.75,450.34,447.29,448.75,157385
WIPRO,Wipro Ltd,2026-08-14 13:30:00,449.48,449.91,448.68,449.48,108503
WIPRO,Wipro Ltd,2026-08-14 14:00:00,449.06,450.43,448.75,449.06,348656
WIPRO,Wipro Ltd,2026-08-14 14:30:00,450.15,450.25,449.18,450.15,41599
WIPRO,Wipro Ltd,2026-08-14 15:00:00,451.85,452.47,450.27,451.85,165261
WIPRO,Wipro Ltd,2026-08-14 15:30:00,452.87,453.11,452.22,452.87,302198
WIPRO,Wipro Ltd,2026-08-17 09:30:00,450.61,451.77,449.71,450.61,121143
WIPRO,Wipro Ltd,2026-08-17 10:00:00,450.67,451.07,449.0,450.67,150059
WIPRO,Wipro Ltd,2026-08-17 10:30:00,451.36,451.91,451.1,451.36,247665
WIPRO,Wipro Ltd,2026-08-17 11:00:00,446.45,448.39,445.76,446.45,260313
WIPRO,Wipro Ltd,2026-08-17 11:30:00,445.05,445.28,443.26,445.05,455213
WIPRO,Wipro Ltd,2026-08-17 12:00:00,442.22,443.37,440.01,442.22,107986
WIPRO,Wipro Ltd,2026-08-17 12:30:00,441.81,444.26,441.4,441.81,14767
WIPRO,Wipro Ltd,2026-08-17 13:00:00,442.24,443.22,440.89,442.24,431058
WIPRO,Wipro Ltd,2026-08-17 13:30:00,440.15,440.74,437.99,440.15,294194
WIPRO,Wipro Ltd,2026-08-17 14:00:00,437.41,437.57,434.94,437.41,287946
WIPRO,Wipro Ltd,2026-08-17 14:30:00,433.44,433.79,432.89,433.44,409826
WIPRO,Wipro Ltd,2026-08-17 15:00:00,434.67,436.6,433.45,434.67,75192
WIPRO,Wipro Ltd,2026-08-17 15:30:00,431.97,432.27,430.88,431.97,352434
WIPRO,Wipro Ltd,2026-08-18 09:30:00,431.34,434.52,430.61,431.34,363697
WIPRO,Wipro Ltd,2026-08-18 10:00:00,432.74,433.94,432.06,432.74,301648
WIPRO,Wipro Ltd,2026-08-18 10:30:00,433.22,434.85,430.67,433.22,390833
WIPRO,Wipro Ltd,2026-08-18 11:00:00,432.6,435.32,430.71,432.6,126503
WIPRO,Wipro Ltd,2026-08-18 11:30:00,433.58,434.61,433.16,433.58,27443
WIPRO,Wipro Ltd,2026-08-18 12:00:00,432.22,433.43,431.92,432.22,486244
WIPRO,Wipro Ltd,2026-08-18 12:30:00,430.01,430.35,429.91,430.01,345013
WIPRO,Wipro Ltd,2026-08-18 13:00:00,428.4,430.0,426.27,428.4,442713
WIPRO,Wipro Ltd,2026-08-18 13:30:00,427.83,427.9,426.33,427.83,303928
WIPRO,Wipro Ltd,2026-08-18 14:00:00,429.36,430.84,428.25,429.36,443026
WIPRO,Wipro Ltd,2026-08-18 14:30:00,431.85,432.63,431.44,431.85,480656
WIPRO,Wipro Ltd,2026-08-18 15:00:00,432.25,433.41,431.82,432.25,420580
WIPRO,Wipro Ltd,2026-08-18 15:30:00,430.32,431.87,430.14,430.32,268107
SUNPHARMA,Sun Pharma Ltd,2026-08-03 09:30:00,1787.98,1789.09,1784.6,1787.98,83769
SUNPHARMA,Sun Pharma Ltd,2026-08-03 10:00:00,1787.36,1788.88,1783.71,1787.36,381073
SUNPHARMA,Sun Pharma Ltd,2026-08-03 10:30:00,1792.37,1797.98,1789.15,1792.37,64422
SUNPHARMA,Sun Pharma Ltd,2026-08-03 11:00:00,1796.2,1800.95,1795.64,1796.2,115469
SUNPHARMA,Sun Pharma Ltd,2026-08-03 11:30:00,1786.01,1789.26,1783.37,1786.01,72048
SUNPHARMA,Sun Pharma Ltd,2026-08-03 12:00:00,1789.32,1791.54,1788.22,1789.32,335060
SUNPHARMA,Sun Pharma Ltd,2026-08-03 12:30:00,1771.8,1772.49,1770.3,1771.8,488627
SUNPHARMA,Sun Pharma Ltd,2026-08-03 13:00:00,1775.78,1780.22,1766.33,1775.78,319235
SUNPHARMA,Sun Pharma Ltd,2026-08-03 13:30:00,1787.37,1788.51,1782.5,1787.37,435599
SUNPHARMA,Sun Pharma Ltd,2026-08-03 14:00:00,1778.06,1778.43,1776.34,1778.06,240511
SUNPHARMA,Sun Pharma Ltd,2026-08-03 14:30:00,1770.71,1773.61,1767.82,1770.71,220360
SUNPHARMA,Sun Pharma Ltd,2026-08-03 15:00:00,1771.38,1777.31,1767.03,1771.38,435153
SUNPHARMA,Sun Pharma Ltd,2026-08-03 15:30:00,1772.65,1778.39,1770.15,1772.65,364447
SUNPHARMA,Sun Pharma Ltd,2026-08-04 09:30:00,1766.73,1772.01,1765.14,1766.73,125488
SUNPHARMA,Sun Pharma Ltd,2026-08-04 10:00:00,1763.56,1765.08,1758.59,1763.56,481755
SUNPHARMA,Sun Pharma Ltd,2026-08-04 10:30:00,1764.6,1768.9,1764.49,1764.6,83413
SUNPHARMA,Sun Pharma Ltd,2026-08-04 11:00:00,1760.55,1762.13,1756.02,1760.55,465195
SUNPHARMA,Sun Pharma Ltd,2026-08-04 11:30:00,1754.1,1755.13,1749.37,1754.1,66612
SUNPHARMA,Sun Pharma Ltd,2026-08-04 12:00:00,1764.12,1767.45,1759.93,1764.12,5629
SUNPHARMA,Sun Pharma Ltd,2026-08-04 12:30:00,1758.2,1763.85,1753.92,1758.2,345384
SUNPHARMA,Sun Pharma Ltd,2026-08-04 13:00:00,1750.4,1752.18,1745.94,1750.4,229896
SUNPHARMA,Sun Pharma Ltd,2026-08-04 13:30:00,1741.46,1742.4,1734.2,1741.46,418954
SUNPHARMA,Sun Pharma Ltd,2026-08-04 14:00:00,1742.34,1746.1,1739.36,1742.34,443928
SUNPHARMA,Sun Pharma Ltd,2026-08-04 14:30:00,1725.62,1726.22,1723.9,1725.62,75193
SUNPHARMA,Sun Pharma Ltd,2026-08-04 15:00:00,1725.23,1732.09,1723.81,1725.23,318677
SUNPHARMA,Sun Pharma Ltd,2026-08-04 15:30:00,1723.43,1726.38,1720.55,1723.43,104101
SUNPHARMA,Sun Pharma Ltd,2026-08-05 09:30:00,1706.35,1706.82,1701.57,1706.35,201623
SUNPHARMA,Sun Pharma Ltd,2026-08-05 10:00:00,1704.99,1708.41,1699.97,1704.99,170623
SUNPHARMA,Sun Pharma Ltd,2026-08-05 10:30:00,1701.81,1702.83,1697.1,1701.81,141997
SUNPHARMA,Sun Pharma Ltd,2026-08-05 11:00:00,1706.53,1709.09,1703.23,1706.53,196702
SUNPHARMA,Sun Pharma Ltd,2026-08-05 11:30:00,1687.7,1695.59,1685.57,1687.7,294461
SUNPHARMA,Sun Pharma Ltd,2026-08-05 12:00:00,1690.89,1691.85,1686.47,1690.89,199098
SUNPHARMA,Sun Pharma Ltd,2026-08-05 12:30:00,1682.44,1684.07,1677.3,1682.44,410900
SUNPHARMA,Sun Pharma Ltd,2026-08-05 13:00:00,1681.69,1683.46,1675.54,1681.69,453265
SUNPHARMA,Sun Pharma Ltd,2026-08-05 13:30:00,1684.28,1685.78,1683.41,1684.28,89827
SUNPHARMA,Sun Pharma Ltd,2026-08-05 14:00:00,1697.92,1701.73,1695.13,1697.92,417132
SUNPHARMA,Sun Pharma Ltd,2026-08-05 14:30:00,1692.63,1696.87,1690.61,1692.63,89273
SUNPHARMA,Sun Pharma Ltd,2026-08-05 15:00:00,1680.93,1685.21,1677.36,1680.93,426721
SUNPHARMA,Sun Pharma Ltd,2026-08-05 15:30:00,1684.63,1685.82,1680.88,1684.63,38596
SUNPHARMA,Sun Pharma Ltd,2026-08-06 09:30:00,1672.89,1676.57,1669.01,1672.89,384843
SUNPHARMA,Sun Pharma Ltd,2026-08-06 10:00:00,1656.06,1663.46,1652.52,1656.06,378086
SUNPHARMA,Sun Pharma Ltd,2026-08-06 10:30:00,1649.9,1651.19,1649.6,1649.9,410593
SUNPHARMA,Sun Pharma Ltd,2026-08-06 11:00:00,1654.6,1659.59,1652.2,1654.6,349396
SUNPHARMA,Sun Pharma Ltd,2026-08-06 11:30:00,1656.54,1660.78,1654.57,1656.54,107103
SUNPHARMA,Sun Pharma Ltd,2026-08-06 12:00:00,1666.77,1667.87,1663.96,1666.77,93857
SUNPHARMA,Sun Pharma Ltd,2026-08-06 12:30:00,1666.21,1667.89,1662.95,1666.21,348418
SUNPHARMA,Sun Pharma Ltd,2026-08-06 13:00:00,1670.76,1670.76,1663.98,1670.76,190140
SUNPHARMA,Sun Pharma Ltd,2026-08-06 13:30:00,1670.49,1672.41,1667.01,1670.49,110020
SUNPHARMA,Sun Pharma Ltd,2026-08-06 14:00:00,1657.83,1658.53,1656.3,1657.83,154156
SUNPHARMA,Sun Pharma Ltd,2026-08-06 14:30:00,1659.23,1659.97,1654.33,1659.23,310624
SUNPHARMA,Sun Pharma Ltd,2026-08-06 15:00:00,1647.73,1655.79,1646.85,1647.73,106987
SUNPHARMA,Sun Pharma Ltd,2026-08-06 15:30:00,1658.08,1661.86,1656.98,1658.08,7438
SUNPHARMA,Sun Pharma Ltd,2026-08-07 09:30:00,1647.11,1648.11,1644.23,1647.11,66346
SUNPHARMA,Sun Pharma Ltd,2026-08-07 10:00:00,1649.93,1653.08,1640.81,1649.93,464335
SUNPHARMA,Sun Pharma Ltd,2026-08-07 10:30:00,1636.64,1638.24,1636.64,1636.64,202698
SUNPHARMA,Sun Pharma Ltd,2026-08-07 11:00:00,1644.9,1650.97,1642.36,1644.9,402134
SUNPHARMA,Sun Pharma Ltd,2026-08-07 11:30:00,1637.81,1643.4,1634.42,1637.81,456948
SUNPHARMA,Sun Pharma Ltd,2026-08-07 12:00:00,1623.01,1624.87,1622.69,1623.01,40417
SUNPHARMA,Sun Pharma Ltd,2026-08-07 12:30:00,1613.13,1617.59,1612.04,1613.13,424515
SUNPHARMA,Sun Pharma Ltd,2026-08-07 13:00:00,1624.63,1628.42,1615.96,1624.63,275796
SUNPHARMA,Sun Pharma Ltd,2026-08-07 13:30:00,1613.14,1614.44,1612.88,1613.14,214154
SUNPHARMA,Sun Pharma Ltd,2026-08-07 14:00:00,1619.32,1622.55,1613.1,1619.32,44860
SUNPHARMA,Sun Pharma Ltd,2026-08-07 14:30:00,1614.85,1615.65,1613.82,1614.85,305790
SUNPHARMA,Sun Pharma Ltd,2026-08-07 15:00:00,1619.72,1620.82,1610.63,1619.72,363144
SUNPHARMA,Sun Pharma Ltd,2026-08-07 15:30:00,1624.17,1625.21,1623.95,1624.17,131907
SUNPHARMA,Sun Pharma Ltd,2026-08-10 09:30:00,1630.71,1631.4,1628.24,1630.71,135912
SUNPHARMA,Sun Pharma Ltd,2026-08-10 10:00:00,1634.39,1637.46,1634.05,1634.39,46150
SUNPHARMA,Sun Pharma Ltd,2026-08-10 10:30:00,1630.6,1633.13,1625.59,1630.6,326822
SUNPHARMA,Sun Pharma Ltd,2026-08-10 11:00:00,1645.6,1645.92,1638.41,1645.6,199613
SUNPHARMA,Sun Pharma Ltd,2026-08-10 11:30:00,1641.71,1644.95,1638.65,1641.71,466891
SUNPHARMA,Sun Pharma Ltd,2026-08-10 12:00:00,1654.03,1658.72,1642.92,1654.03,485251
SUNPHARMA,Sun Pharma Ltd,2026-08-10 12:30:00,1655.32,1659.2,1655.04,1655.32,398304
SUNPHARMA,Sun Pharma Ltd,2026-08-10 13:00:00,1653.03,1653.63,1651.69,1653.03,288518
SUNPHARMA,Sun Pharma Ltd,2026-08-10 13:30:00,1644.65,1648.12,1643.93,1644.65,456097
SUNPHARMA,Sun Pharma Ltd,2026-08-10 14:00:00,1642.8,1644.99,1636.93,1642.8,246209
SUNPHARMA,Sun Pharma Ltd,2026-08-10 14:30:00,1641.05,1641.25,1640.6,1641.05,358424
SUNPHARMA,Sun Pharma Ltd,2026-08-10 15:00:00,1643.52,1648.42,1641.11,1643.52,141157
SUNPHARMA,Sun Pharma Ltd,2026-08-10 15:30:00,1652.92,1654.08,1650.14,1652.92,146247
SUNPHARMA,Sun Pharma Ltd,2026-08-11 09:30:00,1646.39,1648.78,1643.75,1646.39,372375
SUNPHARMA,Sun Pharma Ltd,2026-08-11 10:00:00,1646.43,1646.48,1642.77,1646.43,215025
SUNPHARMA,Sun Pharma Ltd,2026-08-11 10:30:00,1645.54,1647.91,1642.12,1645.54,124834
SUNPHARMA,Sun Pharma Ltd,2026-08-11 11:00:00,1652.92,1655.34,1647.25,1652.92,426573
SUNPHARMA,Sun Pharma Ltd,2026-08-11 11:30:00,1653.65,1657.74,1652.06,1653.65,392208
SUNPHARMA,Sun Pharma Ltd,2026-08-11 12:00:00,1656.6,1660.73,1650.95,1656.6,97593
SUNPHARMA,Sun Pharma Ltd,2026-08-11 12:30:00,1652.94,1653.92,1648.67,1652.94,284960
SUNPHARMA,Sun Pharma Ltd,2026-08-11 13:00:00,1646.17,1647.41,1639.55,1646.17,162304
SUNPHARMA,Sun Pharma Ltd,2026-08-11 13:30:00,1646.08,1653.68,1644.4,1646.08,90638
SUNPHARMA,Sun Pharma Ltd,2026-08-11 14:00:00,1647.12,1653.67,1644.52,1647.12,254843
SUNPHARMA,Sun Pharma Ltd,2026-08-11 14:30:00,1648.95,1650.42,1648.85,1648.95,193904
SUNPHARMA,Sun Pharma Ltd,2026-08-11 15:00:00,1642.98,1651.24,1639.7,1642.98,140116
SUNPHARMA,Sun Pharma Ltd,2026-08-11 15:30:00,1638.58,1641.85,1635.16,1638.58,322496
SUNPHARMA,Sun Pharma Ltd,2026-08-12 09:30:00,1637.95,1642.86,1635.41,1637.95,96508
SUNPHARMA,Sun Pharma Ltd,2026-08-12 10:00:00,1644.15,1644.56,1642.07,1644.15,411189
SUNPHARMA,Sun Pharma Ltd,2026-08-12 10:30:00,1652.32,1653.0,1644.25,1652.32,204790
SUNPHARMA,Sun Pharma Ltd,2026-08-12 11:00:00,1645.81,1648.62,1638.37,1645.81,340848
SUNPHARMA,Sun Pharma Ltd,2026-08-12 11:30:00,1641.65,1642.88,1638.4,1641.65,335969
SUNPHARMA,Sun Pharma Ltd,2026-08-12 12:00:00,1635.71,1638.23,1634.42,1635.71,185158
SUNPHARMA,Sun Pharma Ltd,2026-08-12 12:30:00,1634.0,1634.45,1630.7,1634.0,157754
SUNPHARMA,Sun Pharma Ltd,2026-08-12 13:00:00,1631.44,1636.47,1625.14,1631.44,414455
SUNPHARMA,Sun Pharma Ltd,2026-08-12 13:30:00,1641.16,1643.53,1638.4,1641.16,312714
SUNPHARMA,Sun Pharma Ltd,2026-08-12 14:00:00,1632.86,1633.4,1629.15,1632.86,70556
SUNPHARMA,Sun Pharma Ltd,2026-08-12 14:30:00,1645.84,1646.63,1640.24,1645.84,498060
SUNPHARMA,Sun Pharma Ltd,2026-08-12 15:00:00,1645.35,1651.73,1644.4,1645.35,55097
SUNPHARMA,Sun Pharma Ltd,2026-08-12 15:30:00,1652.83,1660.13,1649.74,1652.83,292537
SUNPHARMA,Sun Pharma Ltd,2026-08-13 09:30:00,1639.31,1643.93,1637.51,1639.31,329063
SUNPHARMA,Sun Pharma Ltd,2026-08-13 10:00:00,1639.22,1642.34,1634.6,1639.22,469241
SUNPHARMA,Sun Pharma Ltd,2026-08-13 10:30:00,1634.97,1636.72,1634.64,1634.97,71276
SUNPHARMA,Sun Pharma Ltd,2026-08-13 11:00:00,1626.73,1631.65,1621.41,1626.73,19979
SUNPHARMA,Sun Pharma Ltd,2026-08-13 11:30:00,1633.69,1634.48,1627.13,1633.69,249943
SUNPHARMA,Sun Pharma Ltd,2026-08-13 12:00:00,1625.96,1630.63,1625.22,1625.96,147823
SUNPHARMA,Sun Pharma Ltd,2026-08-13 12:30:00,1622.06,1622.67,1617.59,1622.06,314765
SUNPHARMA,Sun Pharma Ltd,2026-08-13 13:00:00,1619.06,1623.43,1615.99,1619.06,338369
SUNPHARMA,Sun Pharma Ltd,2026-08-13 13:30:00,1624.85,1627.68,1621.86,1624.85,481537
SUNPHARMA,Sun Pharma Ltd,2026-08-13 14:00:00,1617.64,1620.34,1613.79,1617.64,426898
SUNPHARMA,Sun Pharma Ltd,2026-08-13 14:30:00,1623.12,1624.85,1621.24,1623.12,10534
SUNPHARMA,Sun Pharma Ltd,2026-08-13 15:00:00,1625.43,1632.4,1625.43,1625.43,449568
SUNPHARMA,Sun Pharma Ltd,2026-08-13 15:30:00,1629.52,1631.88,1623.86,1629.52,262913
SUNPHARMA,Sun Pharma Ltd,2026-08-14 09:30:00,1641.52,1642.04,1641.45,1641.52,230672
SUNPHARMA,Sun Pharma Ltd,2026-08-14 10:00:00,1644.59,1649.53,1643.19,1644.59,103865
SUNPHARMA,Sun Pharma Ltd,2026-08-14 10:30:00,1635.33,1639.49,1632.75,1635.33,211963
SUNPHARMA,Sun Pharma Ltd,2026-08-14 11:00:00,1635.34,1641.38,1630.98,1635.34,120653
SUNPHARMA,Sun Pharma Ltd,2026-08-14 11:30:00,1623.96,1624.28,1620.0,1623.96,130599
SUNPHARMA,Sun Pharma Ltd,2026-08-14 12:00:00,1610.44,1611.14,1606.06,1610.44,147535
SUNPHARMA,Sun Pharma Ltd,2026-08-14 12:30:00,1602.89,1604.22,1596.87,1602.89,429048
SUNPHARMA,Sun Pharma Ltd,2026-08-14 13:00:00,1602.32,1604.71,1600.48,1602.32,62858
SUNPHARMA,Sun Pharma Ltd,2026-08-14 13:30:00,1604.01,1607.39,1600.07,1604.01,147676
SUNPHARMA,Sun Pharma Ltd,2026-08-14 14:00:00,1601.34,1605.48,1600.42,1601.34,285478
SUNPHARMA,Sun Pharma Ltd,2026-08-14 14:30:00,1605.22,1615.15,1603.83,1605.22,152909
SUNPHARMA,Sun Pharma Ltd,2026-08-14 15:00:00,1603.79,1609.68,1603.4,1603.79,84001
SUNPHARMA,Sun Pharma Ltd,2026-08-14 15:30:00,1598.4,1601.0,1598.16,1598.4,225328
SUNPHARMA,Sun Pharma Ltd,2026-08-17 09:30:00,1600.37,1612.89,1593.93,1600.37,178145
SUNPHARMA,Sun Pharma Ltd,2026-08-17 10:00:00,1603.36,1608.82,1600.35,1603.36,81592
SUNPHARMA,Sun Pharma Ltd,2026-08-17 10:30:00,1615.51,1617.75,1611.68,1615.51,105764
SUNPHARMA,Sun Pharma Ltd,2026-08-17 11:00:00,1619.19,1621.46,1617.44,1619.19,205056
SUNPHARMA,Sun Pharma Ltd,2026-08-17 11:30:00,1621.01,1622.71,1620.69,1621.01,409344
SUNPHARMA,Sun Pharma Ltd,2026-08-17 12:00:00,1615.32,1618.13,1614.88,1615.32,22569
SUNPHARMA,Sun Pharma Ltd,2026-08-17 12:30:00,1619.18,1625.03,1614.53,1619.18,114286
SUNPHARMA,Sun Pharma Ltd,2026-08-17 13:00:00,1625.41,1631.06,1624.44,1625.41,168635
SUNPHARMA,Sun Pharma Ltd,2026-08-17 13:30:00,1629.52,1630.39,1628.66,1629.52,293138
SUNPHARMA,Sun Pharma Ltd,2026-08-17 14:00:00,1617.07,1619.93,1616.69,1617.07,339768
SUNPHARMA,Sun Pharma Ltd,2026-08-17 14:30:00,1614.91,1618.31,1609.62,1614.91,64207
SUNPHARMA,Sun Pharma Ltd,2026-08-17 15:00:00,1618.5,1618.86,1614.49,1618.5,12899
SUNPHARMA,Sun Pharma Ltd,2026-08-17 15:30:00,1621.52,1624.16,1616.64,1621.52,9681
SUNPHARMA,Sun Pharma Ltd,2026-08-18 09:30:00,1645.93,1651.06,1643.06,1645.93,365923
SUNPHARMA,Sun Pharma Ltd,2026-08-18 10:00:00,1639.84,1641.93,1637.94,1639.84,52920
SUNPHARMA,Sun Pharma Ltd,2026-08-18 10:30:00,1642.23,1643.59,1639.02,1642.23,403228
SUNPHARMA,Sun Pharma Ltd,2026-08-18 11:00:00,1640.32,1641.28,1636.67,1640.32,419956
SUNPHARMA,Sun Pharma Ltd,2026-08-18 11:30:00,1630.94,1634.38,1628.19,1630.94,171062
SUNPHARMA,Sun Pharma Ltd,2026-08-18 12:00:00,1644.27,1645.05,1643.98,1644.27,235015
SUNPHARMA,Sun Pharma Ltd,2026-08-18 12:30:00,1630.4,1630.48,1629.61,1630.4,203059
SUNPHARMA,Sun Pharma Ltd,2026-08-18 13:00:00,1627.82,1629.41,1624.3,1627.82,234376
SUNPHARMA,Sun Pharma Ltd,2026-08-18 13:30:00,1622.62,1627.03,1620.9,1622.62,261949
SUNPHARMA,Sun Pharma Ltd,2026-08-18 14:00:00,1624.42,1626.68,1620.87,1624.42,149349
SUNPHARMA,Sun Pharma Ltd,2026-08-18 14:30:00,1634.48,1637.95,1630.67,1634.48,456181
SUNPHARMA,Sun Pharma Ltd,2026-08-18 15:00:00,1631.76,1632.25,1629.97,1631.76,143070
SUNPHARMA,Sun Pharma Ltd,2026-08-18 15:30:00,1637.04,1641.1,1635.95,1637.04,411804
MARUTI,Maruti Suzuki India,2026-08-03 09:30:00,12108.99,12120.57,12057.61,12108.99,411856
MARUTI,Maruti Suzuki India,2026-08-03 10:00:00,12121.13,12137.94,12105.3,12121.13,38209
MARUTI,Maruti Suzuki India,2026-08-03 10:30:00,12085.51,12112.84,12061.25,12085.51,265859
MARUTI,Maruti Suzuki India,2026-08-03 11:00:00,12126.96,12128.46,12111.83,12126.96,153441
MARUTI,Maruti Suzuki India,2026-08-03 11:30:00,12093.83,12127.5,12069.32,12093.83,39959
MARUTI,Maruti Suzuki India,2026-08-03 12:00:00,12134.63,12194.27,12117.8,12134.63,98658
MARUTI,Maruti Suzuki India,2026-08-03 12:30:00,12159.38,12172.01,12147.42,12159.38,304374
MARUTI,Maruti Suzuki India,2026-08-03 13:00:00,12161.58,12178.02,12141.26,12161.58,261853
MARUTI,Maruti Suzuki India,2026-08-03 13:30:00,12080.73,12087.31,12079.8,12080.73,322694
MARUTI,Maruti Suzuki India,2026-08-03 14:00:00,12130.71,12131.56,12126.53,12130.71,487887
MARUTI,Maruti Suzuki India,2026-08-03 14:30:00,12146.38,12175.96,12138.11,12146.38,424965
MARUTI,Maruti Suzuki India,2026-08-03 15:00:00,12132.66,12148.64,12113.6,12132.66,394796
MARUTI,Maruti Suzuki India,2026-08-03 15:30:00,12183.13,12193.49,12154.93,12183.13,436826
MARUTI,Maruti Suzuki India,2026-08-04 09:30:00,12272.51,12315.09,12264.66,12272.51,442495
MARUTI,Maruti Suzuki India,2026-08-04 10:00:00,12230.01,12290.13,12218.4,12230.01,385198
MARUTI,Maruti Suzuki India,2026-08-04 10:30:00,12224.14,12227.25,12198.19,12224.14,106250
MARUTI,Maruti Suzuki India,2026-08-04 11:00:00,12184.61,12187.89,12172.92,12184.61,397793
MARUTI,Maruti Suzuki India,2026-08-04 11:30:00,12161.13,12201.88,12145.54,12161.13,406753
MARUTI,Maruti Suzuki India,2026-08-04 12:00:00,12129.17,12148.1,12091.6,12129.17,467854
MARUTI,Maruti Suzuki India,2026-08-04 12:30:00,12149.12,12186.16,12120.71,12149.12,293340
MARUTI,Maruti Suzuki India,2026-08-04 13:00:00,12110.19,12124.0,12058.75,12110.19,237265
MARUTI,Maruti Suzuki India,2026-08-04 13:30:00,12268.27,12320.7,12245.01,12268.27,293401
MARUTI,Maruti Suzuki India,2026-08-04 14:00:00,12315.31,12316.58,12283.91,12315.31,230752
MARUTI,Maruti Suzuki India,2026-08-04 14:30:00,12380.76,12391.68,12359.71,12380.76,131207
MARUTI,Maruti Suzuki India,2026-08-04 15:00:00,12346.43,12353.6,12340.41,12346.43,138215
MARUTI,Maruti Suzuki India,2026-08-04 15:30:00,12224.89,12243.42,12202.49,12224.89,213189
MARUTI,Maruti Suzuki India,2026-08-05 09:30:00,12144.59,12149.24,12130.49,12144.59,471786
MARUTI,Maruti Suzuki India,2026-08-05 10:00:00,12147.49,12154.6,12126.41,12147.49,121332
MARUTI,Maruti Suzuki India,2026-08-05 10:30:00,12157.52,12179.87,12149.01,12157.52,436141
MARUTI,Maruti Suzuki India,2026-08-05 11:00:00,12032.44,12037.82,11999.76,12032.44,296673
MARUTI,Maruti Suzuki India,2026-08-05 11:30:00,11971.13,11985.64,11947.23,11971.13,86845
MARUTI,Maruti Suzuki India,2026-08-05 12:00:00,12003.3,12019.35,11984.3,12003.3,310217
MARUTI,Maruti Suzuki India,2026-08-05 12:30:00,12003.34,12023.35,11992.83,12003.34,303353
MARUTI,Maruti Suzuki India,2026-08-05 13:00:00,12067.61,12104.64,12046.61,12067.61,384364
MARUTI,Maruti Suzuki India,2026-08-05 13:30:00,12040.47,12067.17,11984.75,12040.47,373494
MARUTI,Maruti Suzuki India,2026-08-05 14:00:00,12048.69,12099.26,12022.43,12048.69,317072
MARUTI,Maruti Suzuki India,2026-08-05 14:30:00,12039.66,12045.27,12030.5,12039.66,414008
MARUTI,Maruti Suzuki India,2026-08-05 15:00:00,11991.91,12033.79,11976.56,11991.91,187415
MARUTI,Maruti Suzuki India,2026-08-05 15:30:00,12032.3,12051.37,12020.33,12032.3,408906
MARUTI,Maruti Suzuki India,2026-08-06 09:30:00,11955.38,11975.56,11926.57,11955.38,10994
MARUTI,Maruti Suzuki India,2026-08-06 10:00:00,11906.54,11933.74,11876.89,11906.54,172413
MARUTI,Maruti Suzuki India,2026-08-06 10:30:00,11927.52,11941.77,11923.87,11927.52,268403
MARUTI,Maruti Suzuki India,2026-08-06 11:00:00,11917.92,11932.01,11876.83,11917.92,238631
MARUTI,Maruti Suzuki India,2026-08-06 11:30:00,11760.01,11760.61,11726.68,11760.01,52229
MARUTI,Maruti Suzuki India,2026-08-06 12:00:00,11767.37,11788.14,11756.68,11767.37,48277
MARUTI,Maruti Suzuki India,2026-08-06 12:30:00,11784.1,11825.85,11777.72,11784.1,292389
MARUTI,Maruti Suzuki India,2026-08-06 13:00:00,11766.75,11773.11,11722.79,11766.75,73354
MARUTI,Maruti Suzuki India,2026-08-06 13:30:00,11765.74,11767.95,11736.63,11765.74,108865
MARUTI,Maruti Suzuki India,2026-08-06 14:00:00,11691.85,11694.66,11680.21,11691.85,390701
MARUTI,Maruti Suzuki India,2026-08-06 14:30:00,11757.97,11776.73,11755.09,11757.97,144595
MARUTI,Maruti Suzuki India,2026-08-06 15:00:00,11765.51,11787.72,11755.69,11765.51,357189
MARUTI,Maruti Suzuki India,2026-08-06 15:30:00,11755.37,11776.16,11742.82,11755.37,104871
MARUTI,Maruti Suzuki India,2026-08-07 09:30:00,11703.89,11707.01,11678.5,11703.89,328077
MARUTI,Maruti Suzuki India,2026-08-07 10:00:00,11845.41,11865.52,11803.76,11845.41,331726
MARUTI,Maruti Suzuki India,2026-08-07 10:30:00,11854.88,11861.06,11847.76,11854.88,200989
MARUTI,Maruti Suzuki India,2026-08-07 11:00:00,11823.69,11846.73,11789.33,11823.69,49991
MARUTI,Maruti Suzuki India,2026-08-07 11:30:00,11836.75,11842.32,11781.1,11836.75,460476
MARUTI,Maruti Suzuki India,2026-08-07 12:00:00,11799.77,11810.19,11781.47,11799.77,184973
MARUTI,Maruti Suzuki India,2026-08-07 12:30:00,11791.18,11802.82,11785.96,11791.18,114581
MARUTI,Maruti Suzuki India,2026-08-07 13:00:00,11794.56,11795.67,11776.96,11794.56,291483
MARUTI,Maruti Suzuki India,2026-08-07 13:30:00,11755.44,11758.31,11714.46,11755.44,79106
MARUTI,Maruti Suzuki India,2026-08-07 14:00:00,11764.21,11777.02,11728.58,11764.21,202450
MARUTI,Maruti Suzuki India,2026-08-07 14:30:00,11698.97,11717.61,11684.06,11698.97,153904
MARUTI,Maruti Suzuki India,2026-08-07 15:00:00,11707.33,11719.28,11670.02,11707.33,147229
MARUTI,Maruti Suzuki India,2026-08-07 15:30:00,11777.24,11789.43,11751.96,11777.24,147244
MARUTI,Maruti Suzuki India,2026-08-10 09:30:00,11818.29,11838.96,11805.7,11818.29,61566
MARUTI,Maruti Suzuki India,2026-08-10 10:00:00,11920.5,11926.71,11909.44,11920.5,204597
MARUTI,Maruti Suzuki India,2026-08-10 10:30:00,11890.28,11930.74,11888.11,11890.28,478889
MARUTI,Maruti Suzuki India,2026-08-10 11:00:00,11848.92,11896.17,11832.76,11848.92,267485
MARUTI,Maruti Suzuki India,2026-08-10 11:30:00,11842.43,11874.62,11835.61,11842.43,378539
MARUTI,Maruti Suzuki India,2026-08-10 12:00:00,11880.76,11883.38,11857.97,11880.76,211254
MARUTI,Maruti Suzuki India,2026-08-10 12:30:00,11872.24,11872.42,11867.29,11872.24,363776
MARUTI,Maruti Suzuki India,2026-08-10 13:00:00,11829.18,11857.97,11823.04,11829.18,267800
MARUTI,Maruti Suzuki India,2026-08-10 13:30:00,11970.47,11971.98,11961.32,11970.47,140098
MARUTI,Maruti Suzuki India,2026-08-10 14:00:00,12049.37,12087.28,12046.84,12049.37,295948
MARUTI,Maruti Suzuki India,2026-08-10 14:30:00,12037.64,12055.35,12031.78,12037.64,184194
MARUTI,Maruti Suzuki India,2026-08-10 15:00:00,12098.57,12121.65,12076.65,12098.57,360464
MARUTI,Maruti Suzuki India,2026-08-10 15:30:00,12125.53,12153.54,12101.63,12125.53,124237
MARUTI,Maruti Suzuki India,2026-08-11 09:30:00,12055.87,12068.05,12042.26,12055.87,240494
MARUTI,Maruti Suzuki India,2026-08-11 10:00:00,12121.71,12138.96,12117.02,12121.71,77654
MARUTI,Maruti Suzuki India,2026-08-11 10:30:00,12052.09,12071.41,12047.88,12052.09,365989
MARUTI,Maruti Suzuki India,2026-08-11 11:00:00,12079.29,12088.16,12048.67,12079.29,75911
MARUTI,Maruti Suzuki India,2026-08-11 11:30:00,11975.57,11999.74,11970.81,11975.57,301141
MARUTI,Maruti Suzuki India,2026-08-11 12:00:00,11900.34,11919.89,11889.12,11900.34,297206
MARUTI,Maruti Suzuki India,2026-08-11 12:30:00,11819.88,11828.27,11800.18,11819.88,81295
MARUTI,Maruti Suzuki India,2026-08-11 13:00:00,11909.58,11915.89,11866.1,11909.58,466442
MARUTI,Maruti Suzuki India,2026-08-11 13:30:00,12039.24,12050.51,12025.04,12039.24,435806
MARUTI,Maruti Suzuki India,2026-08-11 14:00:00,12120.76,12168.83,12083.05,12120.76,148548
MARUTI,Maruti Suzuki India,2026-08-11 14:30:00,12140.34,12154.19,12136.24,12140.34,325854
MARUTI,Maruti Suzuki India,2026-08-11 15:00:00,12149.26,12175.9,12125.18,12149.26,326054
MARUTI,Maruti Suzuki India,2026-08-11 15:30:00,12153.84,12172.84,12144.31,12153.84,365784
MARUTI,Maruti Suzuki India,2026-08-12 09:30:00,12175.7,12209.68,12137.61,12175.7,250767
MARUTI,Maruti Suzuki India,2026-08-12 10:00:00,12163.63,12188.42,12145.29,12163.63,77096
MARUTI,Maruti Suzuki India,2026-08-12 10:30:00,12114.53,12124.22,12098.42,12114.53,219218
MARUTI,Maruti Suzuki India,2026-08-12 11:00:00,12115.36,12119.91,12111.99,12115.36,394213
MARUTI,Maruti Suzuki India,2026-08-12 11:30:00,12169.14,12177.56,12153.51,12169.14,112249
MARUTI,Maruti Suzuki India,2026-08-12 12:00:00,12279.55,12304.13,12226.31,12279.55,261871
MARUTI,Maruti Suzuki India,2026-08-12 12:30:00,12269.91,12290.22,12220.54,12269.91,470351
MARUTI,Maruti Suzuki India,2026-08-12 13:00:00,12271.0,12298.08,12229.14,12271.0,204425
MARUTI,Maruti Suzuki India,2026-08-12 13:30:00,12293.52,12298.49,12267.32,12293.52,497379
MARUTI,Maruti Suzuki India,2026-08-12 14:00:00,12290.14,12325.85,12236.44,12290.14,417572
MARUTI,Maruti Suzuki India,2026-08-12 14:30:00,12272.97,12285.39,12269.9,12272.97,244547
MARUTI,Maruti Suzuki India,2026-08-12 15:00:00,12280.25,12287.19,12248.09,12280.25,212414
MARUTI,Maruti Suzuki India,2026-08-12 15:30:00,12278.57,12286.06,12277.81,12278.57,208108
MARUTI,Maruti Suzuki India,2026-08-13 09:30:00,12271.0,12277.18,12264.14,12271.0,164674
MARUTI,Maruti Suzuki India,2026-08-13 10:00:00,12322.79,12326.04,12301.12,12322.79,92286
MARUTI,Maruti Suzuki India,2026-08-13 10:30:00,12257.76,12274.89,12227.58,12257.76,79574
MARUTI,Maruti Suzuki India,2026-08-13 11:00:00,12279.29,12316.64,12270.59,12279.29,52417
MARUTI,Maruti Suzuki India,2026-08-13 11:30:00,12274.83,12287.67,12263.58,12274.83,369964
MARUTI,Maruti Suzuki India,2026-08-13 12:00:00,12151.49,12176.69,12143.93,12151.49,174586
MARUTI,Maruti Suzuki India,2026-08-13 12:30:00,12119.99,12125.0,12085.02,12119.99,110870
MARUTI,Maruti Suzuki India,2026-08-13 13:00:00,12075.41,12083.83,12067.76,12075.41,174908
MARUTI,Maruti Suzuki India,2026-08-13 13:30:00,12034.56,12087.64,12022.61,12034.56,69772
MARUTI,Maruti Suzuki India,2026-08-13 14:00:00,11955.06,11989.12,11933.08,11955.06,337436
MARUTI,Maruti Suzuki India,2026-08-13 14:30:00,11913.94,11937.79,11879.85,11913.94,273260
MARUTI,Maruti Suzuki India,2026-08-13 15:00:00,11974.75,11986.42,11964.83,11974.75,293539
MARUTI,Maruti Suzuki India,2026-08-13 15:30:00,11909.83,11939.91,11881.45,11909.83,350783
MARUTI,Maruti Suzuki India,2026-08-14 09:30:00,11961.06,11968.66,11948.73,11961.06,408259
MARUTI,Maruti Suzuki India,2026-08-14 10:00:00,11948.29,11974.53,11932.11,11948.29,238967
MARUTI,Maruti Suzuki India,2026-08-14 10:30:00,12030.75,12034.72,12014.78,12030.75,476094
MARUTI,Maruti Suzuki India,2026-08-14 11:00:00,12054.53,12067.47,12040.21,12054.53,245460
MARUTI,Maruti Suzuki India,2026-08-14 11:30:00,12026.75,12057.36,12026.29,12026.75,428338
MARUTI,Maruti Suzuki India,2026-08-14 12:00:00,12134.57,12136.54,12131.9,12134.57,254410
MARUTI,Maruti Suzuki India,2026-08-14 12:30:00,12204.48,12231.84,12196.29,12204.48,320210
MARUTI,Maruti Suzuki India,2026-08-14 13:00:00,12172.44,12184.06,12137.37,12172.44,297316
MARUTI,Maruti Suzuki India,2026-08-14 13:30:00,12150.94,12158.6,12134.69,12150.94,101909
MARUTI,Maruti Suzuki India,2026-08-14 14:00:00,12196.66,12227.53,12146.21,12196.66,354698
MARUTI,Maruti Suzuki India,2026-08-14 14:30:00,12220.36,12252.12,12203.4,12220.36,178597
MARUTI,Maruti Suzuki India,2026-08-14 15:00:00,12235.1,12239.13,12220.7,12235.1,357368
MARUTI,Maruti Suzuki India,2026-08-14 15:30:00,12251.66,12260.02,12213.52,12251.66,371921
MARUTI,Maruti Suzuki India,2026-08-17 09:30:00,12282.65,12298.83,12249.01,12282.65,493363
MARUTI,Maruti Suzuki India,2026-08-17 10:00:00,12302.04,12346.48,12291.86,12302.04,174251
MARUTI,Maruti Suzuki India,2026-08-17 10:30:00,12266.76,12285.83,12241.2,12266.76,293605
MARUTI,Maruti Suzuki India,2026-08-17 11:00:00,12289.91,12317.49,12277.99,12289.91,68975
MARUTI,Maruti Suzuki India,2026-08-17 11:30:00,12275.37,12295.39,12243.4,12275.37,369815
MARUTI,Maruti Suzuki India,2026-08-17 12:00:00,12264.39,12266.73,12255.49,12264.39,304560
MARUTI,Maruti Suzuki India,2026-08-17 12:30:00,12254.89,12291.97,12224.45,12254.89,366053
MARUTI,Maruti Suzuki India,2026-08-17 13:00:00,12249.98,12286.96,12221.37,12249.98,375569
MARUTI,Maruti Suzuki India,2026-08-17 13:30:00,12233.14,12268.46,12220.01,12233.14,331759
MARUTI,Maruti Suzuki India,2026-08-17 14:00:00,12292.29,12300.81,12281.13,12292.29,299982
MARUTI,Maruti Suzuki India,2026-08-17 14:30:00,12206.21,12207.18,12158.17,12206.21,468294
MARUTI,Maruti Suzuki India,2026-08-17 15:00:00,12207.58,12239.68,12181.22,12207.58,106478
MARUTI,Maruti Suzuki India,2026-08-17 15:30:00,12219.23,12219.29,12209.88,12219.23,449632
MARUTI,Maruti Suzuki India,2026-08-18 09:30:00,12129.01,12149.37,12110.98,12129.01,28851
MARUTI,Maruti Suzuki India,2026-08-18 10:00:00,12095.15,12124.2,12092.58,12095.15,110480
MARUTI,Maruti Suzuki India,2026-08-18 10:30:00,12089.14,12096.53,12070.48,12089.14,40565
MARUTI,Maruti Suzuki India,2026-08-18 11:00:00,12067.03,12096.08,12065.73,12067.03,364575
MARUTI,Maruti Suzuki India,2026-08-18 11:30:00,12072.21,12085.34,12049.46,12072.21,303278
MARUTI,Maruti Suzuki India,2026-08-18 12:00:00,12062.72,12066.96,12052.18,12062.72,182176
MARUTI,Maruti Suzuki India,2026-08-18 12:30:00,12104.53,12130.98,12090.48,12104.53,253774
MARUTI,Maruti Suzuki India,2026-08-18 13:00:00,12126.64,12162.83,12089.97,12126.64,472695
MARUTI,Maruti Suzuki India,2026-08-18 13:30:00,12135.2,12172.25,12093.29,12135.2,247467
MARUTI,Maruti Suzuki India,2026-08-18 14:00:00,12146.72,12173.31,12144.39,12146.72,161942
MARUTI,Maruti Suzuki India,2026-08-18 14:30:00,12046.89,12082.97,12031.29,12046.89,296072
MARUTI,Maruti Suzuki India,2026-08-18 15:00:00,12012.12,12016.09,11993.72,12012.12,470583
MARUTI,Maruti Suzuki India,2026-08-18 15:30:00,11926.36,11929.07,11917.19,11926.36,83278
ADANIENT,Adani Enterprises,2026-08-03 09:30:00,2608.5,2614.57,2593.87,2608.5,304358
ADANIENT,Adani Enterprises,2026-08-03 10:00:00,2578.67,2584.13,2574.41,2578.67,66260
ADANIENT,Adani Enterprises,2026-08-03 10:30:00,2602.32,2615.93,2599.71,2602.32,21582
ADANIENT,Adani Enterprises,2026-08-03 11:00:00,2584.22,2584.83,2579.67,2584.22,464826
ADANIENT,Adani Enterprises,2026-08-03 11:30:00,2586.05,2597.83,2578.88,2586.05,163501
ADANIENT,Adani Enterprises,2026-08-03 12:00:00,2581.47,2586.19,2572.19,2581.47,24605
ADANIENT,Adani Enterprises,2026-08-03 12:30:00,2589.73,2613.23,2587.46,2589.73,258054
ADANIENT,Adani Enterprises,2026-08-03 13:00:00,2591.41,2596.57,2587.9,2591.41,183318
ADANIENT,Adani Enterprises,2026-08-03 13:30:00,2622.52,2630.71,2603.84,2622.52,80127
ADANIENT,Adani Enterprises,2026-08-03 14:00:00,2616.93,2617.53,2612.01,2616.93,496794
ADANIENT,Adani Enterprises,2026-08-03 14:30:00,2548.85,2552.23,2548.05,2548.85,208207
ADANIENT,Adani Enterprises,2026-08-03 15:00:00,2554.42,2557.35,2541.82,2554.42,7154
ADANIENT,Adani Enterprises,2026-08-03 15:30:00,2552.03,2554.99,2539.57,2552.03,179739
ADANIENT,Adani Enterprises,2026-08-04 09:30:00,2515.19,2527.37,2511.56,2515.19,350497
ADANIENT,Adani Enterprises,2026-08-04 10:00:00,2515.07,2517.3,2514.27,2515.07,115019
ADANIENT,Adani Enterprises,2026-08-04 10:30:00,2485.2,2488.11,2479.08,2485.2,150044
ADANIENT,Adani Enterprises,2026-08-04 11:00:00,2450.27,2453.81,2446.4,2450.27,87573
ADANIENT,Adani Enterprises,2026-08-04 11:30:00,2435.94,2436.2,2434.18,2435.94,331602
ADANIENT,Adani Enterprises,2026-08-04 12:00:00,2427.16,2428.88,2414.84,2427.16,147109
ADANIENT,Adani Enterprises,2026-08-04 12:30:00,2420.42,2430.33,2408.19,2420.42,153513
ADANIENT,Adani Enterprises,2026-08-04 13:00:00,2409.37,2412.13,2401.4,2409.37,288418
ADANIENT,Adani Enterprises,2026-08-04 13:30:00,2448.64,2453.69,2446.77,2448.64,251801
ADANIENT,Adani Enterprises,2026-08-04 14:00:00,2454.03,2455.91,2450.8,2454.03,210477
ADANIENT,Adani Enterprises,2026-08-04 14:30:00,2459.83,2465.78,2447.38,2459.83,315774
ADANIENT,Adani Enterprises,2026-08-04 15:00:00,2438.27,2449.57,2429.29,2438.27,179237
ADANIENT,Adani Enterprises,2026-08-04 15:30:00,2444.63,2451.25,2429.96,2444.63,356729
ADANIENT,Adani Enterprises,2026-08-05 09:30:00,2500.61,2511.78,2499.39,2500.61,53714
ADANIENT,Adani Enterprises,2026-08-05 10:00:00,2473.73,2482.63,2452.36,2473.73,250511
ADANIENT,Adani Enterprises,2026-08-05 10:30:00,2488.28,2493.41,2477.39,2488.28,251701
ADANIENT,Adani Enterprises,2026-08-05 11:00:00,2460.42,2461.25,2453.17,2460.42,456462
ADANIENT,Adani Enterprises,2026-08-05 11:30:00,2472.98,2477.83,2468.69,2472.98,485910
ADANIENT,Adani Enterprises,2026-08-05 12:00:00,2482.9,2492.17,2467.19,2482.9,467633
ADANIENT,Adani Enterprises,2026-08-05 12:30:00,2472.07,2482.69,2467.45,2472.07,255951
ADANIENT,Adani Enterprises,2026-08-05 13:00:00,2476.1,2482.22,2474.57,2476.1,407622
ADANIENT,Adani Enterprises,2026-08-05 13:30:00,2460.43,2471.34,2449.98,2460.43,379484
ADANIENT,Adani Enterprises,2026-08-05 14:00:00,2459.38,2462.02,2450.67,2459.38,345499
ADANIENT,Adani Enterprises,2026-08-05 14:30:00,2475.07,2478.84,2461.7,2475.07,130082
ADANIENT,Adani Enterprises,2026-08-05 15:00:00,2481.76,2491.21,2472.79,2481.76,257903
ADANIENT,Adani Enterprises,2026-08-05 15:30:00,2467.69,2473.95,2462.32,2467.69,416206
ADANIENT,Adani Enterprises,2026-08-06 09:30:00,2465.84,2474.42,2461.99,2465.84,368925
ADANIENT,Adani Enterprises,2026-08-06 10:00:00,2468.47,2483.58,2447.49,2468.47,306040
ADANIENT,Adani Enterprises,2026-08-06 10:30:00,2490.83,2493.48,2486.45,2490.83,317515
ADANIENT,Adani Enterprises,2026-08-06 11:00:00,2465.12,2468.14,2462.33,2465.12,217752
ADANIENT,Adani Enterprises,2026-08-06 11:30:00,2453.62,2458.07,2451.54,2453.62,431805
ADANIENT,Adani Enterprises,2026-08-06 12:00:00,2422.5,2433.14,2415.71,2422.5,37234
ADANIENT,Adani Enterprises,2026-08-06 12:30:00,2448.18,2464.02,2438.06,2448.18,470180
ADANIENT,Adani Enterprises,2026-08-06 13:00:00,2418.28,2426.49,2412.05,2418.28,351492
ADANIENT,Adani Enterprises,2026-08-06 13:30:00,2386.75,2393.99,2376.88,2386.75,209463
ADANIENT,Adani Enterprises,2026-08-06 14:00:00,2370.55,2377.69,2364.99,2370.55,162147
ADANIENT,Adani Enterprises,2026-08-06 14:30:00,2409.47,2429.54,2399.98,2409.47,164671
ADANIENT,Adani Enterprises,2026-08-06 15:00:00,2450.59,2462.34,2446.03,2450.59,51812
ADANIENT,Adani Enterprises,2026-08-06 15:30:00,2406.16,2418.12,2399.31,2406.16,272609
ADANIENT,Adani Enterprises,2026-08-07 09:30:00,2413.17,2419.2,2404.53,2413.17,32854
ADANIENT,Adani Enterprises,2026-08-07 10:00:00,2431.75,2444.73,2431.68,2431.75,193347
ADANIENT,Adani Enterprises,2026-08-07 10:30:00,2444.48,2449.76,2433.86,2444.48,314415
ADANIENT,Adani Enterprises,2026-08-07 11:00:00,2448.7,2455.73,2443.2,2448.7,205692
ADANIENT,Adani Enterprises,2026-08-07 11:30:00,2430.58,2436.61,2429.07,2430.58,77912
ADANIENT,Adani Enterprises,2026-08-07 12:00:00,2442.71,2446.51,2433.43,2442.71,489694
ADANIENT,Adani Enterprises,2026-08-07 12:30:00,2429.2,2437.29,2424.28,2429.2,70823
ADANIENT,Adani Enterprises,2026-08-07 13:00:00,2469.11,2471.75,2466.14,2469.11,13235
ADANIENT,Adani Enterprises,2026-08-07 13:30:00,2495.54,2512.54,2480.1,2495.54,76185
ADANIENT,Adani Enterprises,2026-08-07 14:00:00,2448.26,2460.86,2440.84,2448.26,223028
ADANIENT,Adani Enterprises,2026-08-07 14:30:00,2475.82,2492.63,2467.81,2475.82,331761
ADANIENT,Adani Enterprises,2026-08-07 15:00:00,2430.97,2436.13,2420.04,2430.97,294433
ADANIENT,Adani Enterprises,2026-08-07 15:30:00,2439.48,2448.54,2437.86,2439.48,8895
ADANIENT,Adani Enterprises,2026-08-10 09:30:00,2464.45,2468.76,2458.25,2464.45,268050
ADANIENT,Adani Enterprises,2026-08-10 10:00:00,2458.78,2482.03,2456.41,2458.78,24852
ADANIENT,Adani Enterprises,2026-08-10 10:30:00,2456.32,2470.86,2449.68,2456.32,64330
ADANIENT,Adani Enterprises,2026-08-10 11:00:00,2410.53,2422.93,2396.29,2410.53,280989
ADANIENT,Adani Enterprises,2026-08-10 11:30:00,2426.21,2455.06,2423.22,2426.21,413352
ADANIENT,Adani Enterprises,2026-08-10 12:00:00,2421.73,2433.69,2408.03,2421.73,133571
ADANIENT,Adani Enterprises,2026-08-10 12:30:00,2417.68,2434.0,2414.82,2417.68,355600
ADANIENT,Adani Enterprises,2026-08-10 13:00:00,2442.86,2449.66,2440.24,2442.86,32668
ADANIENT,Adani Enterprises,2026-08-10 13:30:00,2426.04,2436.32,2418.92,2426.04,10653
ADANIENT,Adani Enterprises,2026-08-10 14:00:00,2402.26,2404.59,2386.28,2402.26,225733
ADANIENT,Adani Enterprises,2026-08-10 14:30:00,2408.52,2425.2,2386.42,2408.52,159464
ADANIENT,Adani Enterprises,2026-08-10 15:00:00,2407.21,2409.81,2392.44,2407.21,386142
ADANIENT,Adani Enterprises,2026-08-10 15:30:00,2391.66,2393.35,2384.1,2391.66,334934
ADANIENT,Adani Enterprises,2026-08-11 09:30:00,2393.53,2396.37,2375.42,2393.53,332321
ADANIENT,Adani Enterprises,2026-08-11 10:00:00,2391.33,2402.64,2389.38,2391.33,71490
ADANIENT,Adani Enterprises,2026-08-11 10:30:00,2352.44,2353.11,2351.53,2352.44,152310
ADANIENT,Adani Enterprises,2026-08-11 11:00:00,2362.74,2363.93,2355.24,2362.74,393722
ADANIENT,Adani Enterprises,2026-08-11 11:30:00,2372.06,2376.01,2367.32,2372.06,239174
ADANIENT,Adani Enterprises,2026-08-11 12:00:00,2365.89,2370.07,2361.42,2365.89,415269
ADANIENT,Adani Enterprises,2026-08-11 12:30:00,2358.98,2369.76,2353.01,2358.98,184751
ADANIENT,Adani Enterprises,2026-08-11 13:00:00,2321.72,2346.9,2319.19,2321.72,317236
ADANIENT,Adani Enterprises,2026-08-11 13:30:00,2331.96,2334.23,2301.1,2331.96,408894
ADANIENT,Adani Enterprises,2026-08-11 14:00:00,2333.54,2344.15,2323.96,2333.54,385632
ADANIENT,Adani Enterprises,2026-08-11 14:30:00,2324.85,2329.92,2323.98,2324.85,341729
ADANIENT,Adani Enterprises,2026-08-11 15:00:00,2307.11,2308.72,2289.39,2307.11,32537
ADANIENT,Adani Enterprises,2026-08-11 15:30:00,2316.71,2325.17,2311.64,2316.71,399488
ADANIENT,Adani Enterprises,2026-08-12 09:30:00,2366.86,2368.39,2351.98,2366.86,209509
ADANIENT,Adani Enterprises,2026-08-12 10:00:00,2355.95,2356.83,2354.91,2355.95,491131
ADANIENT,Adani Enterprises,2026-08-12 10:30:00,2353.74,2356.56,2344.54,2353.74,170511
ADANIENT,Adani Enterprises,2026-08-12 11:00:00,2382.62,2386.2,2361.16,2382.62,339193
ADANIENT,Adani Enterprises,2026-08-12 11:30:00,2393.93,2405.6,2378.64,2393.93,325070
ADANIENT,Adani Enterprises,2026-08-12 12:00:00,2428.25,2438.11,2424.2,2428.25,56525
ADANIENT,Adani Enterprises,2026-08-12 12:30:00,2441.99,2442.44,2428.51,2441.99,246753
ADANIENT,Adani Enterprises,2026-08-12 13:00:00,2446.89,2463.67,2445.55,2446.89,107197
ADANIENT,Adani Enterprises,2026-08-12 13:30:00,2419.84,2434.9,2417.94,2419.84,99328
ADANIENT,Adani Enterprises,2026-08-12 14:00:00,2418.7,2420.06,2414.93,2418.7,220612
ADANIENT,Adani Enterprises,2026-08-12 14:30:00,2419.11,2422.97,2416.39,2419.11,238802
ADANIENT,Adani Enterprises,2026-08-12 15:00:00,2399.81,2412.72,2399.78,2399.81,329742
ADANIENT,Adani Enterprises,2026-08-12 15:30:00,2405.07,2424.9,2392.15,2405.07,349250
ADANIENT,Adani Enterprises,2026-08-13 09:30:00,2429.68,2443.07,2411.31,2429.68,50291
ADANIENT,Adani Enterprises,2026-08-13 10:00:00,2464.97,2468.33,2460.72,2464.97,349139
ADANIENT,Adani Enterprises,2026-08-13 10:30:00,2467.55,2482.35,2465.39,2467.55,63114
ADANIENT,Adani Enterprises,2026-08-13 11:00:00,2455.13,2457.75,2447.76,2455.13,249819
ADANIENT,Adani Enterprises,2026-08-13 11:30:00,2450.8,2454.23,2418.82,2450.8,408365
ADANIENT,Adani Enterprises,2026-08-13 12:00:00,2470.06,2490.01,2460.21,2470.06,408639
ADANIENT,Adani Enterprises,2026-08-13 12:30:00,2472.07,2479.95,2470.47,2472.07,37708
ADANIENT,Adani Enterprises,2026-08-13 13:00:00,2455.77,2462.59,2449.59,2455.77,36488
ADANIENT,Adani Enterprises,2026-08-13 13:30:00,2453.83,2472.53,2452.14,2453.83,491846
ADANIENT,Adani Enterprises,2026-08-13 14:00:00,2460.81,2463.93,2451.06,2460.81,343419
ADANIENT,Adani Enterprises,2026-08-13 14:30:00,2449.39,2449.68,2448.55,2449.39,342294
ADANIENT,Adani Enterprises,2026-08-13 15:00:00,2435.16,2443.76,2428.38,2435.16,140788
ADANIENT,Adani Enterprises,2026-08-13 15:30:00,2441.45,2443.85,2434.49,2441.45,238770
ADANIENT,Adani Enterprises,2026-08-14 09:30:00,2411.32,2425.94,2411.11,2411.32,5454
ADANIENT,Adani Enterprises,2026-08-14 10:00:00,2438.42,2444.57,2436.8,2438.42,479280
ADANIENT,Adani Enterprises,2026-08-14 10:30:00,2469.79,2470.48,2469.23,2469.79,375989
ADANIENT,Adani Enterprises,2026-08-14 11:00:00,2492.01,2496.46,2473.59,2492.01,414435
ADANIENT,Adani Enterprises,2026-08-14 11:30:00,2507.67,2509.19,2503.99,2507.67,123408
ADANIENT,Adani Enterprises,2026-08-14 12:00:00,2559.54,2560.09,2554.48,2559.54,302399
ADANIENT,Adani Enterprises,2026-08-14 12:30:00,2537.28,2569.16,2530.08,2537.28,179818
ADANIENT,Adani Enterprises,2026-08-14 13:00:00,2528.39,2538.09,2510.45,2528.39,52535
ADANIENT,Adani Enterprises,2026-08-14 13:30:00,2489.08,2502.55,2473.87,2489.08,183290
ADANIENT,Adani Enterprises,2026-08-14 14:00:00,2509.21,2514.83,2507.65,2509.21,97598
ADANIENT,Adani Enterprises,2026-08-14 14:30:00,2479.17,2504.64,2470.09,2479.17,351414
ADANIENT,Adani Enterprises,2026-08-14 15:00:00,2490.72,2505.64,2479.06,2490.72,193356
ADANIENT,Adani Enterprises,2026-08-14 15:30:00,2472.98,2494.34,2471.16,2472.98,234629
ADANIENT,Adani Enterprises,2026-08-17 09:30:00,2493.26,2498.51,2490.63,2493.26,261498
ADANIENT,Adani Enterprises,2026-08-17 10:00:00,2465.91,2479.86,2454.18,2465.91,342330
ADANIENT,Adani Enterprises,2026-08-17 10:30:00,2456.9,2468.73,2451.25,2456.9,13607
ADANIENT,Adani Enterprises,2026-08-17 11:00:00,2437.6,2440.95,2436.8,2437.6,418022
ADANIENT,Adani Enterprises,2026-08-17 11:30:00,2433.84,2444.01,2430.32,2433.84,279265
ADANIENT,Adani Enterprises,2026-08-17 12:00:00,2462.53,2477.46,2458.54,2462.53,463361
ADANIENT,Adani Enterprises,2026-08-17 12:30:00,2429.69,2433.48,2429.27,2429.69,390592
ADANIENT,Adani Enterprises,2026-08-17 13:00:00,2437.47,2446.79,2425.98,2437.47,252054
ADANIENT,Adani Enterprises,2026-08-17 13:30:00,2461.0,2468.84,2460.32,2461.0,12531
ADANIENT,Adani Enterprises,2026-08-17 14:00:00,2490.64,2492.2,2487.71,2490.64,166133
ADANIENT,Adani Enterprises,2026-08-17 14:30:00,2494.68,2498.92,2479.56,2494.68,38532
ADANIENT,Adani Enterprises,2026-08-17 15:00:00,2469.27,2471.29,2464.83,2469.27,265646
ADANIENT,Adani Enterprises,2026-08-17 15:30:00,2445.74,2453.66,2439.41,2445.74,181864
ADANIENT,Adani Enterprises,2026-08-18 09:30:00,2466.31,2481.69,2464.58,2466.31,174992
ADANIENT,Adani Enterprises,2026-08-18 10:00:00,2488.94,2499.78,2480.18,2488.94,420813
ADANIENT,Adani Enterprises,2026-08-18 10:30:00,2483.75,2484.47,2480.67,2483.75,95936
ADANIENT,Adani Enterprises,2026-08-18 11:00:00,2478.37,2482.87,2471.62,2478.37,370059
ADANIENT,Adani Enterprises,2026-08-18 11:30:00,2494.96,2499.23,2490.41,2494.96,132739
ADANIENT,Adani Enterprises,2026-08-18 12:00:00,2500.31,2501.67,2483.97,2500.31,326095
ADANIENT,Adani Enterprises,2026-08-18 12:30:00,2524.05,2528.44,2519.73,2524.05,466177
ADANIENT,Adani Enterprises,2026-08-18 13:00:00,2521.69,2521.78,2519.74,2521.69,346707
ADANIENT,Adani Enterprises,2026-08-18 13:30:00,2529.89,2537.05,2525.11,2529.89,368595
ADANIENT,Adani Enterprises,2026-08-18 14:00:00,2542.7,2559.75,2540.14,2542.7,340452
ADANIENT,Adani Enterprises,2026-08-18 14:30:00,2529.23,2530.74,2517.8,2529.23,130437
ADANIENT,Adani Enterprises,2026-08-18 15:00:00,2556.01,2561.56,2549.49,2556.01,267085
ADANIENT,Adani Enterprises,2026-08-18 15:30:00,2559.16,2562.65,2556.19,2559.16,438315
